Workbook
Name Database_MISC: Misc!$A$1:$K$7
Name Database_Opponent_Games: 'Opponent Game by Game Scores'!$A$4:$G$112
Name Database_Opponent_Games_Handicap: 'Opponent Game by Game Scores'!$J$4:$P$112
Name Database_Q1: Misc!$A$15:$F$20
Name Database_Q2: Misc!$A$26:$F$31
Name Database_Q3: Misc!$A$37:$F$42
Name Database_Q4: Misc!$A$48:$G$53
Name Database_Team_Games: 'Eric Stat'!$A$4:$F$4
Name Database_Team_Games: 'Game by Game Scores'!$A$4:$G$112
Name Database_Team_Games_Handicap: 'Eric Stat'!#REF!
Name Database_Team_Games_Handicap: 'Game by Game Scores'!$J$4:$P$112
Name Team_Games: 'Eric Stat'!$A$4:$A$4
Name Team_Games: 'Game by Game Scores'!$A$4:$A$112
Name Team_Games_Handicap: 'Eric Stat'!#REF!
Name Team_Games_Handicap: 'Game by Game Scores'!$J$4:$J$112

Sheet 2026-2027 Season
A2: Bowler | B2: Head to Head Record | D2: Current Average | E2: AVG Booster | F2: Pins Diff: w/ Handicap | G2: Pins Diff: | H2: Opp. AVG | I2: Card Game Totals | J2: Card Game Win % | K2: Total Dues Paid | L2: Remaining Balance | M2: 2023 AVG | N2: 2024 AVG | O2: 2025 AVG
A3: John | B3: (5-1) | C3: =Misc!J2/(Misc!I2*3) -> 0.83333333 | D3: =Misc!B2/(Misc!I2*3) -> 209.5 | E3: =210*(3*3)-(Misc!B2) -> 633 | F3: =Misc!D2-Misc!E2 -> 59 | G3: =Misc!B2-Misc!C2 -> -49 | H3: =AVERAGE('Opponents Average'!B2:B37) -> 219.5 | I3: =SUM('Card Game'!B2:B109) -> 1 | J3: =I3/((Misc!I2)*3) -> 0.16666667 | K3: =SUM(WeeklyDues!B$2:B$37) -> 0 | L3: =1260-K3 -> 1260 | M3: 186 | N3: 192 | O3: 197
A4: Nick | B4: (3-6) | C4: =Misc!J3/(Misc!I3*3) -> 0.33333333 | D4: =Misc!B3/(Misc!I3*3) -> 202.22222 | E4: =203*(4*3)-(Misc!B3) -> 616 | F4: =Misc!D3-Misc!E3 -> -47 | G4: =Misc!B3-Misc!C3 -> -89 | H4: =AVERAGE('Opponents Average'!C2:C37) -> 197.66667 | I4: =SUM('Card Game'!C2:C109) -> 1 | J4: =I4/((Misc!I3)*3) -> 0.11111111 | K4: =SUM(WeeklyDues!C$2:C$37) -> 0 | L4: =1260-K4 -> 1260 | M4: 197 | N4: 191 | O4: 192
A5: Mike | B5: (6-3) | C5: =Misc!J4/(Misc!I4*3) -> 0.66666667 | D5: =Misc!B4/(Misc!I4*3) -> 208.88889 | E5: =209*(4*3)-(Misc!B4) -> 628 | F5: =Misc!D4-Misc!E4 -> 97 | G5: =Misc!B4-Misc!C4 -> 103 | H5: =AVERAGE('Opponents Average'!D2:D37) -> 201.33333 | I5: =SUM('Card Game'!D2:D109) -> 2 | J5: =I5/((Misc!I4)*3) -> 0.22222222 | K5: =SUM(WeeklyDues!D$2:D$37) -> 0 | L5: =1260-K5 -> 1260 | M5: 184 | N5: 193 | O5: 203
A6: Eric | B6: (4-5) | C6: =Misc!J5/(Misc!I5*3) -> 0.44444444 | D6: =Misc!B5/(Misc!I5*3) -> 197.44444 | E6: =198*(4*3)-(Misc!B5) -> 599 | F6: =Misc!D5-Misc!E5 -> -67 | G6: =Misc!B5-Misc!C5 -> -64 | H6: =AVERAGE('Opponents Average'!E2:E37) -> 201 | I6: =SUM('Card Game'!E2:E109) -> 3 | J6: =I6/((Misc!I5)*3) -> 0.33333333 | K6: =SUM(WeeklyDues!E$2:E$37) -> 0 | L6: =1260-K6 -> 1260 | M6: 199 | N6: 199 | O6: 202
A7: Greenman | B7: (4-2) | C7: =Misc!J6/(Misc!I6*3) -> 0.66666667 | D7: =Misc!B6/(Misc!I6*3) -> 179.66667 | E7: =180*(3*3)-(Misc!B6) -> 542 | F7: =Misc!D6-Misc!E6 -> -24 | G7: =Misc!B6-Misc!C6 -> -36 | H7: =AVERAGE('Opponents Average'!F2:F37) -> 195 | I7: =SUM('Card Game'!F2:F109) -> 0 | J7: =I7/((Misc!I6)*3) -> 0 | K7: =SUM(WeeklyDues!F$2:F$37) -> 0 | L7: =1260-K7 -> 1260 | M7: N/A | N7: 189 | O7: 192
A8: Ron | B8: (1-2) | C8: =SUM(Ron!C1:C100)/(Ron!L2*3) -> 0.33333333 | D8: =AVERAGE(Ron!B1:B100) -> 192.33333 | E8: =193*(2*3)-(Misc!B7) -> 581 | F8: =SUM(Ron!H2:H100)-SUM(Ron!I2:I100) -> -9 | G8: =SUM(Ron!B2:B100)-SUM(Ron!D2:D100) -> 63 | H8: =AVERAGE(Ron!G2:G100) -> 164 | I8: =SUM('Card Game'!G2:G109) -> 1 | J8: =I8/((Misc!I7)*3) -> 0.33333333 | M8: 185 | N8: 220 | O8: 195
A11: Team Average by Game | C11: Bowler Average by Game | H11: Percentage Bowled Over AVG | K11: Opponent Percentage Bowled Over AVG
A12: Game 1 Average | C12: Bowler | D12: Game 1 Average | E12: Game 2 Average | F12: Game 3 Average | H12: Bowler | I12: Percentage | K12: Bowler | L12: Percentage
A13: {=SUM('Team Totals'!B2,'Team Totals'!B5,'Team Totals'!B8,'Team Totals'!B11,'Team Totals'!B14,'Team Totals'!B17,'Team Totals'!B20,'Team Totals'!B23,'Team Totals'!B26,'Team Totals'!B29,'Team Totals'!B32,'Team Totals'!B35,'Team Totals'!B38,'Team Totals'!B41,'Team Totals'!B44,'Team Totals'!B47,'Team Totals'!B50,'Team Totals'!B53,'Team Totals'!B56,'Team Totals'!B59,'Team Totals'!B62,'Team Totals'!B65,'Team Totals'!B68,'Team Totals'!B71,'Team Totals'!B74,'Team Totals'!B77,'Team Totals'!B80,'Team Totals'!B83,'Team Totals'!B86,'Team Totals'!B89,'Team Totals'!B92,'Team Totals'!B95,'Team Totals'!B98,'Team Totals'!B101,'Team Totals'!B104,'Team Totals'!B107)/'Team Totals'!H4:I4} -> 1032.6667 | B13: #DIV/0! | C13: John | D13: =Misc!F2 -> 236 | E13: =Misc!G2 -> 192 | F13: =Misc!H2 -> 200.5 | H13: John | I13: =(SUM('Over Average Percent'!B2:B37))/(Misc!I2*3) -> 0.83333333 | K13: John | L13: =(SUM('Over Average Percent'!L2:L37))/(Misc!I2*3) -> 0.33333333
A14: Game 2 Average | C14: Nick | D14: =Misc!F3 -> 193 | E14: =Misc!G3 -> 208.66667 | F14: =Misc!H3 -> 205 | H14: Nick | I14: =(SUM('Over Average Percent'!C2:C37))/(Misc!I3*3) -> 0.66666667 | K14: Nick | L14: =(SUM('Over Average Percent'!M2:M37))/(Misc!$I$3*3) -> 0.66666667
A15: {=SUM('Team Totals'!B3,'Team Totals'!B6,'Team Totals'!B9,'Team Totals'!B12,'Team Totals'!B15,'Team Totals'!B18,'Team Totals'!B21,'Team Totals'!B24,'Team Totals'!B27,'Team Totals'!B30,'Team Totals'!B33,'Team Totals'!B36,'Team Totals'!B39,'Team Totals'!B42,'Team Totals'!B45,'Team Totals'!B48,'Team Totals'!B51,'Team Totals'!B54,'Team Totals'!B57,'Team Totals'!B60,'Team Totals'!B63,'Team Totals'!B66,'Team Totals'!B69,'Team Totals'!B72,'Team Totals'!B75,'Team Totals'!B78,'Team Totals'!B81,'Team Totals'!B84,'Team Totals'!B87,'Team Totals'!B90,'Team Totals'!B93,'Team Totals'!B96,'Team Totals'!B99,'Team Totals'!B102,'Team Totals'!B105,'Team Totals'!B108)/'Team Totals'!H4:I4} -> 986.66667 | B15: #DIV/0! | C15: Mike | D15: =Misc!F4 -> 211.66667 | E15: =Misc!G4 -> 202.66667 | F15: =Misc!H4 -> 212.33333 | H15: Mike | I15: =(SUM('Over Average Percent'!D2:D37))/(Misc!I4*3) -> 0.66666667 | K15: Mike | L15: =(SUM('Over Average Percent'!N2:N37))/(Misc!$I$4*3) -> 0.33333333
A16: Game 3 Average | C16: Eric | D16: =Misc!F5 -> 202.66667 | E16: =Misc!G5 -> 193 | F16: =Misc!H5 -> 196.66667 | H16: Eric | I16: =(SUM('Over Average Percent'!E2:E37))/(Misc!I5*3) -> 0.33333333 | K16: Eric | L16: =(SUM('Over Average Percent'!O2:O37))/(Misc!$I$5*3) -> 0.33333333
A17: {=SUM('Team Totals'!B4,'Team Totals'!B7,'Team Totals'!B10,'Team Totals'!B13,'Team Totals'!B16,'Team Totals'!B19,'Team Totals'!B22,'Team Totals'!B25,'Team Totals'!B28,'Team Totals'!B31,'Team Totals'!B34,'Team Totals'!B37,'Team Totals'!B40,'Team Totals'!B43,'Team Totals'!B46,'Team Totals'!B49,'Team Totals'!B52,'Team Totals'!B55,'Team Totals'!B58,'Team Totals'!B61,'Team Totals'!B64,'Team Totals'!B67,'Team Totals'!B70,'Team Totals'!B73,'Team Totals'!B76,'Team Totals'!B79,'Team Totals'!B82,'Team Totals'!B85,'Team Totals'!B88,'Team Totals'!B91,'Team Totals'!B94,'Team Totals'!B97,'Team Totals'!B100,'Team Totals'!B103,'Team Totals'!B106,'Team Totals'!B109)/'Team Totals'!H4:I4} -> 1008.3333 | B17: #DIV/0! | C17: Greenman | D17: =Misc!F6 -> 181.5 | E17: =Misc!G6 -> 168.5 | F17: =Misc!H6 -> 189 | H17: Greenman | I17: =(SUM('Over Average Percent'!F2:F37))/(Misc!I6*3) -> 0.33333333 | K17: Greenman | L17: =(SUM('Over Average Percent'!P2:P37))/(Misc!$I$6*3) -> 0.33333333
H18: Ron | I18: =(SUM('Over Average Percent'!G2:G37))/(Misc!I7*3) -> 0.33333333 | K18: Ron | L18: =(SUM('Over Average Percent'!Q2:Q37))/(Misc!$I$7*3) -> 1
A20: Q1 | I20: Total Winnings Earned | K20: Winnings for Each
A21: Bowler | B21: Average | C21: W/L Ratio | D21: High Game | E21: Low Game | F21: High Series | G21: Low Series | I21: =(Winnings!B38*8.5) -> 357 | K21: =(Winnings!B38*8.5)/5 -> 71.4
A22: John | B22: =Misc!B16 -> 209.5 | C22: =Misc!G16 -> (5-1) | D22: =Misc!C16 -> 247 | E22: =Misc!D16 -> 182 | F22: =Misc!E16 -> 647 | G22: =Misc!F16 -> 610
A23: Nick | B23: =Misc!B17 -> 202.22222 | C23: =Misc!G17 -> (3-6) | D23: =Misc!C17 -> 237 | E23: =Misc!D17 -> 183 | F23: =Misc!E17 -> 658 | G23: =Misc!F17 -> 594 | I23: Bowler | J23: 400 Series | K23: 500 Series | L23: 600 Series | M23: 700 Series
A24: Mike | B24: =Misc!B18 -> 208.88889 | C24: =Misc!G18 -> (6-3) | D24: =Misc!C18 -> 237 | E24: =Misc!D18 -> 169 | F24: =Misc!E18 -> 683 | G24: =Misc!F18 -> 559 | I24: John | J24: =COUNTIFS('Week by Week Scores'!B5:B40,">399",'Week by Week Scores'!B5:B40,"<500") -> 0 | K24: =COUNTIFS('Week by Week Scores'!B5:B40,">499",'Week by Week Scores'!B5:B40,"<600") -> 0 | L24: =COUNTIFS('Week by Week Scores'!B5:B40,">599",'Week by Week Scores'!B5:B40,"<700") -> 2 | M24: =COUNTIFS('Week by Week Scores'!B5:B40,">699",'Week by Week Scores'!B5:B40,"<800") -> 0
A25: Eric | B25: =Misc!B19 -> 197.44444 | C25: =Misc!G19 -> (4-5) | D25: =Misc!C19 -> 268 | E25: =Misc!D19 -> 147 | F25: =Misc!E19 -> 639 | G25: =Misc!F19 -> 580 | I25: Nick | J25: =COUNTIFS('Week by Week Scores'!C5:C40,">399",'Week by Week Scores'!C5:C40,"<500") -> 0 | K25: =COUNTIFS('Week by Week Scores'!C5:C40,">499",'Week by Week Scores'!C5:C40,"<600") -> 2 | L25: =COUNTIFS('Week by Week Scores'!C5:C40,">599",'Week by Week Scores'!C5:C40,"<700") -> 1 | M25: =COUNTIFS('Week by Week Scores'!C5:C40,">699",'Week by Week Scores'!C5:C40,"<800") -> 0
A26: Greenman | B26: =Misc!B20 -> 179.66667 | C26: =Misc!G20 -> (4-2) | D26: =Misc!C20 -> 220 | E26: =Misc!D20 -> 143 | F26: =Misc!E20 -> 580 | G26: =Misc!F20 -> 498 | I26: Mike | J26: =COUNTIFS('Week by Week Scores'!D5:D40,">399",'Week by Week Scores'!D5:D40,"<500") -> 0 | K26: =COUNTIFS('Week by Week Scores'!D5:D40,">499",'Week by Week Scores'!D5:D40,"<600") -> 1 | L26: =COUNTIFS('Week by Week Scores'!D5:D40,">599",'Week by Week Scores'!D5:D40,"<700") -> 2 | M26: =COUNTIFS('Week by Week Scores'!D5:D40,">699",'Week by Week Scores'!D5:D40,"<800") -> 0
I27: Eric | J27: =COUNTIFS('Week by Week Scores'!E5:E40,">399",'Week by Week Scores'!E5:E40,"<500") -> 0 | K27: =COUNTIFS('Week by Week Scores'!E5:E40,">499",'Week by Week Scores'!E5:E40,"<600") -> 2 | L27: =COUNTIFS('Week by Week Scores'!E5:E40,">599",'Week by Week Scores'!E5:E40,"<700") -> 1 | M27: =COUNTIFS('Week by Week Scores'!E5:E40,">699",'Week by Week Scores'!E5:E40,"<800") -> 0
A28: Q2 | I28: Greenman | J28: =COUNTIFS('Week by Week Scores'!F5:F40,">399",'Week by Week Scores'!F5:F40,"<500") -> 1 | K28: =COUNTIFS('Week by Week Scores'!F5:F40,">499",'Week by Week Scores'!F5:F40,"<600") -> 1 | L28: =COUNTIFS('Week by Week Scores'!F5:F40,">599",'Week by Week Scores'!F5:F40,"<700") -> 0 | M28: =COUNTIFS('Week by Week Scores'!F5:F40,">699",'Week by Week Scores'!F5:F40,"<800") -> 0
A29: Bowler | B29: Average | C29: W/L Ratio | D29: High Game | E29: Low Game | F29: High Series | G29: Low Series
A30: John | B30: =Misc!B27 -> #DIV/0! | C30: =Misc!G27 -> 0 | D30: =Misc!C27 -> 0 | E30: =Misc!D27 -> 0 | F30: =Misc!E27 -> 0 | G30: =Misc!F27 -> 0 | I30: Bowler | J30: <150 | K30: 150-199 | L30: 200-249 | M30: 250+
A31: Nick | B31: =Misc!B28 -> #DIV/0! | C31: =Misc!G28 -> 0 | D31: =Misc!C28 -> 0 | E31: =Misc!D28 -> 0 | F31: =Misc!E28 -> 0 | G31: =Misc!F28 -> 0 | I31: John | J31: =COUNTIF('Game by Game Scores'!B5:B112,"<150") -> 0 | K31: =COUNTIFS('Game by Game Scores'!$B$5:$B$112,">149",'Game by Game Scores'!$B$5:$B$112,"<200") -> 2 | L31: =COUNTIFS('Game by Game Scores'!$B$5:$B$112,">199",'Game by Game Scores'!$B$5:$B$112,"<250") -> 4 | M31: =COUNTIF('Game by Game Scores'!$B$5:$B$112,">249") -> 0
A32: Mike | B32: =Misc!B29 -> #DIV/0! | C32: =Misc!G29 -> 0 | D32: =Misc!C29 -> 0 | E32: =Misc!D29 -> 0 | F32: =Misc!E29 -> 0 | G32: =Misc!F29 -> 0 | I32: Nick | J32: =COUNTIF('Game by Game Scores'!C5:C112,"<150") -> 0 | K32: =COUNTIFS('Game by Game Scores'!$C$5:$C$112,">149",'Game by Game Scores'!$C$5:$C$112,"<200") -> 3 | L32: =COUNTIFS('Game by Game Scores'!$C$5:$C$112,">199",'Game by Game Scores'!$C$5:$C$112,"<250") -> 6 | M32: =COUNTIF('Game by Game Scores'!$C$5:$C$112,">249") -> 0
A33: Eric | B33: =Misc!B30 -> #DIV/0! | C33: =Misc!G30 -> 0 | D33: =Misc!C30 -> 0 | E33: =Misc!D30 -> 0 | F33: =Misc!E30 -> 0 | G33: =Misc!F30 -> 0 | I33: Mike | J33: =COUNTIF('Game by Game Scores'!D5:D112,"<150") -> 0 | K33: =COUNTIFS('Game by Game Scores'!$D$5:$D$112,">149",'Game by Game Scores'!$D$5:$D$112,"<200") -> 2 | L33: =COUNTIFS('Game by Game Scores'!$D$5:$D$112,">199",'Game by Game Scores'!$D$5:$D$112,"<250") -> 7 | M33: =COUNTIF('Game by Game Scores'!$D$5:$D$112,">249") -> 0
A34: Greenman | B34: =Misc!B31 -> #DIV/0! | C34: =Misc!G31 -> 0 | D34: =Misc!C31 -> 0 | E34: =Misc!D31 -> 0 | F34: =Misc!E31 -> 0 | G34: =Misc!F31 -> 0 | I34: Eric | J34: =COUNTIF('Game by Game Scores'!E5:E112,"<150") -> 1 | K34: =COUNTIFS('Game by Game Scores'!$E$5:$E$112,">149",'Game by Game Scores'!$E$5:$E$112,"<200") -> 4 | L34: =COUNTIFS('Game by Game Scores'!$E$5:$E$112,">199",'Game by Game Scores'!$E$5:$E$112,"<250") -> 3 | M34: =COUNTIF('Game by Game Scores'!$E$5:$E$112,">249") -> 1
I35: Greenman | J35: =COUNTIF('Game by Game Scores'!F5:F112,"<150") -> 1 | K35: =COUNTIFS('Game by Game Scores'!$F$5:$F$112,">149",'Game by Game Scores'!$F$5:$F$112,"<200") -> 3 | L35: =COUNTIFS('Game by Game Scores'!$F$5:$F$112,">199",'Game by Game Scores'!$F$5:$F$112,"<250") -> 2 | M35: =COUNTIF('Game by Game Scores'!$F$5:$F$112,">249") -> 0
A36: Q3
A37: Bowler | B37: Average | C37: W/L Ratio | D37: High Game | E37: Low Game | F37: High Series | G37: Low Series | I37: Bowler | J37: Strikes | K37: Spares | L37: Strike Per Game | M37: Spare % | N37: Splits | O37: Split %
A38: John | B38: =Misc!B38 -> #DIV/0! | C38: =Misc!G38 -> 0 | D38: =Misc!C38 -> 0 | E38: =Misc!D38 -> 0 | F38: =Misc!E38 -> 0 | G38: =Misc!F38 -> 0 | I38: John | J38: =SUM(Strikes!B2:B2) -> 34 | K38: =SUM(Spares!B6:B6) -> 23 | L38: =J38/(Misc!I2*3) -> 5.6666667 | M38: =Spares!B6/(Spares!B6+Spares!J6) -> 0.74193548 | N38: =SUM(Splits!B2:B2) -> 5 | O38: =COUNTIFS(FramebyFrame!B2:B1151,"*Spare (Split)*")/N38 -> 0.2
A39: Nick | B39: =Misc!B39 -> #DIV/0! | C39: =Misc!G39 -> 0 | D39: =Misc!C39 -> 0 | E39: =Misc!D39 -> 0 | F39: =Misc!E39 -> 0 | G39: =Misc!F39 -> 0 | I39: Nick | J39: =SUM(Strikes!C2:C2) -> 49 | K39: =SUM(Spares!C6:C6) -> 40 | L39: =J39/(Misc!I3*3) -> 5.4444444 | M39: =Spares!C6/(Spares!C6+Spares!K6) -> 0.81632653 | N39: =SUM(Splits!C2:C2) -> 6 | O39: =COUNTIFS(FramebyFrame!C2:C1151,"*Spare (Split)*")/N39 -> 0.33333333
A40: Mike | B40: =Misc!B40 -> #DIV/0! | C40: =Misc!G40 -> 0 | D40: =Misc!C40 -> 0 | E40: =Misc!D40 -> 0 | F40: =Misc!E40 -> 0 | G40: =Misc!F40 -> 0 | I40: Mike | J40: =SUM(Strikes!D2:D2) -> 56 | K40: =SUM(Spares!D6:D6) -> 30 | L40: =J40/(Misc!I4*3) -> 6.2222222 | M40: =Spares!D6/(Spares!D6+Spares!L6) -> 0.68181818 | N40: =SUM(Splits!D2:D2) -> 9 | O40: =COUNTIFS(FramebyFrame!D2:D1151,"*Spare (Split)*")/N40 -> 0.55555556
A41: Eric | B41: =Misc!B41 -> #DIV/0! | C41: =Misc!G41 -> 0 | D41: =Misc!C41 -> 0 | E41: =Misc!D41 -> 0 | F41: =Misc!E41 -> 0 | G41: =Misc!F41 -> 0 | I41: Eric | J41: =SUM(Strikes!E2:E2) -> 53 | K41: =SUM(Spares!E6:E6) -> 23 | L41: =J41/(Misc!I5*3) -> 5.8888889 | M41: =Spares!E6/(Spares!E6+Spares!M6) -> 0.51111111 | N41: =SUM(Splits!E2:E2) -> 15 | O41: =COUNTIFS(FramebyFrame!E2:E1151,"*Spare (Split)*")/N41 -> 0.13333333
A42: Greenman | B42: =Misc!B42 -> #DIV/0! | C42: =Misc!G42 -> 0 | D42: =Misc!C42 -> 0 | E42: =Misc!D42 -> 0 | F42: =Misc!E42 -> 0 | G42: =Misc!F42 -> 0 | I42: Greenman | J42: =SUM(Strikes!F2:F2) -> 32 | K42: =SUM(Spares!F6:F6) -> 18 | L42: =J42/(Misc!I6*3) -> 5.3333333 | M42: =Spares!F6/(Spares!F6+Spares!N6) -> 0.51428571 | N42: =SUM(Splits!F2:F2) -> 6 | O42: =COUNTIFS(FramebyFrame!F2:F1151,"*Spare (Split)*")/N42 -> 0.16666667
A44: Q4 | I44: Bowler | J44: Frame 1 | K44: Frame 10 | M44: Bowler | N44: 10 Pin %
A45: Bowler | B45: Average | C45: W/L Ratio | D45: High Game | E45: Low Game | F45: High Series | G45: Low Series | I45: John | J45: =DSUM(Table1[[#All],[Bowler]:[Frame 9]],J44,I44:I45) -> 9.8333333 | K45: ='FramebyFrame Totals'!T17 -> 21.166667 | M45: John | N45: =AVERAGE('10,7 Pins %'!B2:B2) -> 0.75
A46: John | B46: =Misc!B49 -> #DIV/0! | C46: =Misc!G49 -> 0 | D46: =Misc!C49 -> 0 | E46: =Misc!D49 -> 0 | F46: =Misc!E49 -> 0 | G46: =Misc!F49 -> 0 | I46: Nick | J46: =DSUM(Table1[[#All],[Bowler]:[Frame 9]],J44,I44:I46)-(J45) -> 10 | K46: ='FramebyFrame Totals'!T18 -> 20.333333 | M46: Nick | N46: =AVERAGE('10,7 Pins %'!C2:C2) -> 0.8
A47: Nick | B47: =Misc!B50 -> #DIV/0! | C47: =Misc!G50 -> 0 | D47: =Misc!C50 -> 0 | E47: =Misc!D50 -> 0 | F47: =Misc!E50 -> 0 | G47: =Misc!F50 -> 0 | I47: Mike | J47: =DSUM(Table1[[#All],[Bowler]:[Frame 9]],J44,I44:I47)-(J45+J46) -> 9.5555556 | K47: ='FramebyFrame Totals'!T19 -> 21.222222 | M47: Mike | N47: =AVERAGE('10,7 Pins %'!D2:D2) -> 0.55555556
A48: Mike | B48: =Misc!B51 -> #DIV/0! | C48: =Misc!G51 -> 0 | D48: =Misc!C51 -> 0 | E48: =Misc!D51 -> 0 | F48: =Misc!E51 -> 0 | G48: =Misc!F51 -> 0 | I48: Eric | J48: =DSUM(Table1[[#All],[Bowler]:[Frame 9]],J44,I44:I48)-(J45+J46+J47) -> 9.8888889 | K48: ='FramebyFrame Totals'!T20 -> 20.222222 | M48: Eric | N48: =AVERAGE('10,7 Pins %'!E2:E2) -> 0.7
A49: Eric | B49: =Misc!B52 -> #DIV/0! | C49: =Misc!G52 -> 0 | D49: =Misc!C52 -> 0 | E49: =Misc!D52 -> 0 | F49: =Misc!E52 -> 0 | G49: =Misc!F52 -> 0 | I49: Greenman | J49: =DSUM(Table1[[#All],[Bowler]:[Frame 9]],J44,I44:I49)-(J45+J46+J47+J48) -> 9.8333333 | K49: ='FramebyFrame Totals'!T21 -> 22.666667 | M49: Greenman | N49: =AVERAGE('10,7 Pins %'!F2:F2) -> 0.33333333
A50: Greenman | B50: =Misc!B53 -> #DIV/0! | C50: =Misc!G53 -> 0 | D50: =Misc!C53 -> 0 | E50: =Misc!D53 -> 0 | F50: =Misc!E53 -> 0 | G50: =Misc!F53 -> 0

Sheet Week by Week Scores
C2: Without Handicap | L2: With Handicap
B4: John | C4: Nick | D4: Mike | E4: Eric | F4: Greenman | G4: Ron | K4: John | L4: Nick | M4: Mike | N4: Eric | O4: Greenman | P4: Ron
A5: Week 1 | B5: =SUM('Game by Game Scores'!B5:B7) -> 647 | C5: =SUM('Game by Game Scores'!C5:C7) -> 658 | D5: =SUM('Game by Game Scores'!D5:D7) -> 559 | E5: =SUM('Game by Game Scores'!E5:E7) -> 639 | F5: =SUM('Game by Game Scores'!F5:F7) -> 580 | J5: Week 1 | K5: =SUM('Game by Game Scores'!K5:K7) -> 707 | L5: =SUM('Game by Game Scores'!L5:L7) -> 658 | M5: =SUM('Game by Game Scores'!M5:M7) -> 559 | N5: =SUM('Game by Game Scores'!N5:N7) -> 639 | O5: =SUM('Game by Game Scores'!O5:O7) -> 592
A6: Week 2 | B6: =SUM('Game by Game Scores'!B8:B10) -> 610 | C6: =SUM('Game by Game Scores'!C8:C10) -> 594 | D6: =SUM('Game by Game Scores'!D8:D10) -> 683 | E6: =SUM('Game by Game Scores'!E8:E10) -> 580 | F6: =SUM('Game by Game Scores'!F8:F10) -> 498 | J6: Week 2 | K6: =SUM('Game by Game Scores'!K8:K10) -> 658 | L6: =SUM('Game by Game Scores'!L8:L10) -> 594 | M6: =SUM('Game by Game Scores'!M8:M10) -> 683 | N6: =SUM('Game by Game Scores'!N8:N10) -> 592 | O6: =SUM('Game by Game Scores'!O8:O10) -> 498
A7: Week 3 | C7: =SUM('Game by Game Scores'!C11:C13) -> 568 | D7: =SUM('Game by Game Scores'!D11:D13) -> 638 | E7: =SUM('Game by Game Scores'!E11:E13) -> 558 | G7: =SUM('Game by Game Scores'!G11:G13) -> 577 | J7: Week 3 | L7: =SUM('Game by Game Scores'!L11:L13) -> 628 | M7: =SUM('Game by Game Scores'!M11:M13) -> 638 | N7: =SUM('Game by Game Scores'!N11:N13) -> 558 | P7: =SUM('Game by Game Scores'!P11:P13) -> 577
A8: Week 4 | B8: =SUM('Game by Game Scores'!B14:B16) -> 0 | C8: =SUM('Game by Game Scores'!C14:C16) -> 0 | D8: =SUM('Game by Game Scores'!D14:D16) -> 0 | E8: =SUM('Game by Game Scores'!E14:E16) -> 0 | F8: =SUM('Game by Game Scores'!F14:F16) -> 0 | G8: =SUM('Game by Game Scores'!G14:G16) -> 0 | J8: Week 4 | K8: =SUM('Game by Game Scores'!K14:K16) -> 0 | L8: =SUM('Game by Game Scores'!L14:L16) -> 0 | M8: =SUM('Game by Game Scores'!M14:M16) -> 0 | N8: =SUM('Game by Game Scores'!N14:N16) -> 0 | O8: =SUM('Game by Game Scores'!O14:O16) -> 0 | P8: =SUM('Game by Game Scores'!P14:P16) -> 0
A9: Week 5 | B9: =SUM('Game by Game Scores'!B17:B19) -> 0 | C9: =SUM('Game by Game Scores'!C17:C19) -> 0 | D9: =SUM('Game by Game Scores'!D17:D19) -> 0 | E9: =SUM('Game by Game Scores'!E17:E19) -> 0 | F9: =SUM('Game by Game Scores'!F17:F19) -> 0 | G9: =SUM('Game by Game Scores'!G17:G19) -> 0 | J9: Week 5 | K9: =SUM('Game by Game Scores'!K17:K19) -> 0 | L9: =SUM('Game by Game Scores'!L17:L19) -> 0 | M9: =SUM('Game by Game Scores'!M17:M19) -> 0 | N9: =SUM('Game by Game Scores'!N17:N19) -> 0 | O9: =SUM('Game by Game Scores'!O17:O19) -> 0 | P9: =SUM('Game by Game Scores'!P17:P19) -> 0
A10: Week 6 | B10: =SUM('Game by Game Scores'!B20:B22) -> 0 | C10: =SUM('Game by Game Scores'!C20:C22) -> 0 | D10: =SUM('Game by Game Scores'!D20:D22) -> 0 | E10: =SUM('Game by Game Scores'!E20:E22) -> 0 | F10: =SUM('Game by Game Scores'!F20:F22) -> 0 | G10: =SUM('Game by Game Scores'!G20:G22) -> 0 | J10: Week 6 | K10: =SUM('Game by Game Scores'!K20:K22) -> 0 | L10: =SUM('Game by Game Scores'!L20:L22) -> 0 | M10: =SUM('Game by Game Scores'!M20:M22) -> 0 | N10: =SUM('Game by Game Scores'!N20:N22) -> 0 | O10: =SUM('Game by Game Scores'!O20:O22) -> 0 | P10: =SUM('Game by Game Scores'!P20:P22) -> 0
A11: Week 7 | B11: =SUM('Game by Game Scores'!B23:B25) -> 0 | C11: =SUM('Game by Game Scores'!C23:C25) -> 0 | D11: =SUM('Game by Game Scores'!D23:D25) -> 0 | E11: =SUM('Game by Game Scores'!E23:E25) -> 0 | F11: =SUM('Game by Game Scores'!F23:F25) -> 0 | G11: =SUM('Game by Game Scores'!G23:G25) -> 0 | J11: Week 7 | K11: =SUM('Game by Game Scores'!K23:K25) -> 0 | L11: =SUM('Game by Game Scores'!L23:L25) -> 0 | M11: =SUM('Game by Game Scores'!M23:M25) -> 0 | N11: =SUM('Game by Game Scores'!N23:N25) -> 0 | O11: =SUM('Game by Game Scores'!O23:O25) -> 0 | P11: =SUM('Game by Game Scores'!P23:P25) -> 0
A12: Week 8 | B12: =SUM('Game by Game Scores'!B26:B28) -> 0 | C12: =SUM('Game by Game Scores'!C26:C28) -> 0 | D12: =SUM('Game by Game Scores'!D26:D28) -> 0 | E12: =SUM('Game by Game Scores'!E26:E28) -> 0 | F12: =SUM('Game by Game Scores'!F26:F28) -> 0 | G12: =SUM('Game by Game Scores'!G26:G28) -> 0 | J12: Week 8 | K12: =SUM('Game by Game Scores'!K26:K28) -> 0 | L12: =SUM('Game by Game Scores'!L26:L28) -> 0 | M12: =SUM('Game by Game Scores'!M26:M28) -> 0 | N12: =SUM('Game by Game Scores'!N26:N28) -> 0 | O12: =SUM('Game by Game Scores'!O26:O28) -> 0 | P12: =SUM('Game by Game Scores'!P26:P28) -> 0
A13: Week 9 | B13: =SUM('Game by Game Scores'!B29:B31) -> 0 | C13: =SUM('Game by Game Scores'!C29:C31) -> 0 | D13: =SUM('Game by Game Scores'!D29:D31) -> 0 | E13: =SUM('Game by Game Scores'!E29:E31) -> 0 | F13: =SUM('Game by Game Scores'!F29:F31) -> 0 | G13: =SUM('Game by Game Scores'!G29:G31) -> 0 | J13: Week 9 | K13: =SUM('Game by Game Scores'!K29:K31) -> 0 | L13: =SUM('Game by Game Scores'!L29:L31) -> 0 | M13: =SUM('Game by Game Scores'!M29:M31) -> 0 | N13: =SUM('Game by Game Scores'!N29:N31) -> 0 | O13: =SUM('Game by Game Scores'!O29:O31) -> 0 | P13: =SUM('Game by Game Scores'!P29:P31) -> 0
A14: Week 10 | B14: =SUM('Game by Game Scores'!B32:B34) -> 0 | C14: =SUM('Game by Game Scores'!C32:C34) -> 0 | D14: =SUM('Game by Game Scores'!D32:D34) -> 0 | E14: =SUM('Game by Game Scores'!E32:E34) -> 0 | F14: =SUM('Game by Game Scores'!F32:F34) -> 0 | G14: =SUM('Game by Game Scores'!G32:G34) -> 0 | J14: Week 10 | K14: =SUM('Game by Game Scores'!K32:K34) -> 0 | L14: =SUM('Game by Game Scores'!L32:L34) -> 0 | M14: =SUM('Game by Game Scores'!M32:M34) -> 0 | N14: =SUM('Game by Game Scores'!N32:N34) -> 0 | O14: =SUM('Game by Game Scores'!O32:O34) -> 0 | P14: =SUM('Game by Game Scores'!P32:P34) -> 0
A15: Week 11 | B15: =SUM('Game by Game Scores'!B35:B37) -> 0 | C15: =SUM('Game by Game Scores'!C35:C37) -> 0 | D15: =SUM('Game by Game Scores'!D35:D37) -> 0 | E15: =SUM('Game by Game Scores'!E35:E37) -> 0 | F15: =SUM('Game by Game Scores'!F35:F37) -> 0 | G15: =SUM('Game by Game Scores'!G35:G37) -> 0 | J15: Week 11 | K15: =SUM('Game by Game Scores'!K35:K37) -> 0 | L15: =SUM('Game by Game Scores'!L35:L37) -> 0 | M15: =SUM('Game by Game Scores'!M35:M37) -> 0 | N15: =SUM('Game by Game Scores'!N35:N37) -> 0 | O15: =SUM('Game by Game Scores'!O35:O37) -> 0 | P15: =SUM('Game by Game Scores'!P35:P37) -> 0
A16: Week 12 | B16: =SUM('Game by Game Scores'!B38:B40) -> 0 | C16: =SUM('Game by Game Scores'!C38:C40) -> 0 | D16: =SUM('Game by Game Scores'!D38:D40) -> 0 | E16: =SUM('Game by Game Scores'!E38:E40) -> 0 | F16: =SUM('Game by Game Scores'!F38:F40) -> 0 | G16: =SUM('Game by Game Scores'!G38:G40) -> 0 | J16: Week 12 | K16: =SUM('Game by Game Scores'!K38:K40) -> 0 | L16: =SUM('Game by Game Scores'!L38:L40) -> 0 | M16: =SUM('Game by Game Scores'!M38:M40) -> 0 | N16: =SUM('Game by Game Scores'!N38:N40) -> 0 | O16: =SUM('Game by Game Scores'!O38:O40) -> 0 | P16: =SUM('Game by Game Scores'!P38:P40) -> 0
A17: Week 13 | B17: =SUM('Game by Game Scores'!B41:B43) -> 0 | C17: =SUM('Game by Game Scores'!C41:C43) -> 0 | D17: =SUM('Game by Game Scores'!D41:D43) -> 0 | E17: =SUM('Game by Game Scores'!E41:E43) -> 0 | F17: =SUM('Game by Game Scores'!F41:F43) -> 0 | G17: =SUM('Game by Game Scores'!G41:G43) -> 0 | J17: Week 13 | K17: =SUM('Game by Game Scores'!K41:K43) -> 0 | L17: =SUM('Game by Game Scores'!L41:L43) -> 0 | M17: =SUM('Game by Game Scores'!M41:M43) -> 0 | N17: =SUM('Game by Game Scores'!N41:N43) -> 0 | O17: =SUM('Game by Game Scores'!O41:O43) -> 0 | P17: =SUM('Game by Game Scores'!P41:P43) -> 0
A18: Week 14 | B18: =SUM('Game by Game Scores'!B44:B46) -> 0 | C18: =SUM('Game by Game Scores'!C44:C46) -> 0 | D18: =SUM('Game by Game Scores'!D44:D46) -> 0 | E18: =SUM('Game by Game Scores'!E44:E46) -> 0 | F18: =SUM('Game by Game Scores'!F44:F46) -> 0 | G18: =SUM('Game by Game Scores'!G44:G46) -> 0 | J18: Week 14 | K18: =SUM('Game by Game Scores'!K44:K46) -> 0 | L18: =SUM('Game by Game Scores'!L44:L46) -> 0 | M18: =SUM('Game by Game Scores'!M44:M46) -> 0 | N18: =SUM('Game by Game Scores'!N44:N46) -> 0 | O18: =SUM('Game by Game Scores'!O44:O46) -> 0 | P18: =SUM('Game by Game Scores'!P44:P46) -> 0
A19: Week 15 | B19: =SUM('Game by Game Scores'!B47:B49) -> 0 | C19: =SUM('Game by Game Scores'!C47:C49) -> 0 | D19: =SUM('Game by Game Scores'!D47:D49) -> 0 | E19: =SUM('Game by Game Scores'!E47:E49) -> 0 | F19: =SUM('Game by Game Scores'!F47:F49) -> 0 | G19: =SUM('Game by Game Scores'!G47:G49) -> 0 | J19: Week 15 | K19: =SUM('Game by Game Scores'!K47:K49) -> 0 | L19: =SUM('Game by Game Scores'!L47:L49) -> 0 | M19: =SUM('Game by Game Scores'!M47:M49) -> 0 | N19: =SUM('Game by Game Scores'!N47:N49) -> 0 | O19: =SUM('Game by Game Scores'!O47:O49) -> 0 | P19: =SUM('Game by Game Scores'!P47:P49) -> 0
A20: Week 16 | B20: =SUM('Game by Game Scores'!B50:B52) -> 0 | C20: =SUM('Game by Game Scores'!C50:C52) -> 0 | D20: =SUM('Game by Game Scores'!D50:D52) -> 0 | E20: =SUM('Game by Game Scores'!E50:E52) -> 0 | F20: =SUM('Game by Game Scores'!F50:F52) -> 0 | G20: =SUM('Game by Game Scores'!G50:G52) -> 0 | J20: Week 16 | K20: =SUM('Game by Game Scores'!K50:K52) -> 0 | L20: =SUM('Game by Game Scores'!L50:L52) -> 0 | M20: =SUM('Game by Game Scores'!M50:M52) -> 0 | N20: =SUM('Game by Game Scores'!N50:N52) -> 0 | O20: =SUM('Game by Game Scores'!O50:O52) -> 0 | P20: =SUM('Game by Game Scores'!P50:P52) -> 0
A21: Week 17 | B21: =SUM('Game by Game Scores'!B53:B55) -> 0 | C21: =SUM('Game by Game Scores'!C53:C55) -> 0 | D21: =SUM('Game by Game Scores'!D53:D55) -> 0 | E21: =SUM('Game by Game Scores'!E53:E55) -> 0 | F21: =SUM('Game by Game Scores'!F53:F55) -> 0 | G21: =SUM('Game by Game Scores'!G53:G55) -> 0 | J21: Week 17 | K21: =SUM('Game by Game Scores'!K53:K55) -> 0 | L21: =SUM('Game by Game Scores'!L53:L55) -> 0 | M21: =SUM('Game by Game Scores'!M53:M55) -> 0 | N21: =SUM('Game by Game Scores'!N53:N55) -> 0 | O21: =SUM('Game by Game Scores'!O53:O55) -> 0 | P21: =SUM('Game by Game Scores'!P53:P55) -> 0
A22: Week 18 | B22: =SUM('Game by Game Scores'!B56:B58) -> 0 | C22: =SUM('Game by Game Scores'!C56:C58) -> 0 | D22: =SUM('Game by Game Scores'!D56:D58) -> 0 | E22: =SUM('Game by Game Scores'!E56:E58) -> 0 | F22: =SUM('Game by Game Scores'!F56:F58) -> 0 | G22: =SUM('Game by Game Scores'!G56:G58) -> 0 | J22: Week 18 | K22: =SUM('Game by Game Scores'!K56:K58) -> 0 | L22: =SUM('Game by Game Scores'!L56:L58) -> 0 | M22: =SUM('Game by Game Scores'!M56:M58) -> 0 | N22: =SUM('Game by Game Scores'!N56:N58) -> 0 | O22: =SUM('Game by Game Scores'!O56:O58) -> 0 | P22: =SUM('Game by Game Scores'!P56:P58) -> 0
A23: Week 19 | B23: =SUM('Game by Game Scores'!B59:B61) -> 0 | C23: =SUM('Game by Game Scores'!C59:C61) -> 0 | D23: =SUM('Game by Game Scores'!D59:D61) -> 0 | E23: =SUM('Game by Game Scores'!E59:E61) -> 0 | F23: =SUM('Game by Game Scores'!F59:F61) -> 0 | G23: =SUM('Game by Game Scores'!G59:G61) -> 0 | J23: Week 19 | K23: =SUM('Game by Game Scores'!K59:K61) -> 0 | L23: =SUM('Game by Game Scores'!L59:L61) -> 0 | M23: =SUM('Game by Game Scores'!M59:M61) -> 0 | N23: =SUM('Game by Game Scores'!N59:N61) -> 0 | O23: =SUM('Game by Game Scores'!O59:O61) -> 0 | P23: =SUM('Game by Game Scores'!P59:P61) -> 0
A24: Week 20 | B24: =SUM('Game by Game Scores'!B62:B64) -> 0 | C24: =SUM('Game by Game Scores'!C62:C64) -> 0 | D24: =SUM('Game by Game Scores'!D62:D64) -> 0 | E24: =SUM('Game by Game Scores'!E62:E64) -> 0 | F24: =SUM('Game by Game Scores'!F62:F64) -> 0 | G24: =SUM('Game by Game Scores'!G62:G64) -> 0 | J24: Week 20 | K24: =SUM('Game by Game Scores'!K62:K64) -> 0 | L24: =SUM('Game by Game Scores'!L62:L64) -> 0 | M24: =SUM('Game by Game Scores'!M62:M64) -> 0 | N24: =SUM('Game by Game Scores'!N62:N64) -> 0 | O24: =SUM('Game by Game Scores'!O62:O64) -> 0 | P24: =SUM('Game by Game Scores'!P62:P64) -> 0
A25: Week 21 | B25: =SUM('Game by Game Scores'!B65:B67) -> 0 | C25: =SUM('Game by Game Scores'!C65:C67) -> 0 | D25: =SUM('Game by Game Scores'!D65:D67) -> 0 | E25: =SUM('Game by Game Scores'!E65:E67) -> 0 | F25: =SUM('Game by Game Scores'!F65:F67) -> 0 | G25: =SUM('Game by Game Scores'!G65:G67) -> 0 | J25: Week 21 | K25: =SUM('Game by Game Scores'!K65:K67) -> 0 | L25: =SUM('Game by Game Scores'!L65:L67) -> 0 | M25: =SUM('Game by Game Scores'!M65:M67) -> 0 | N25: =SUM('Game by Game Scores'!N65:N67) -> 0 | O25: =SUM('Game by Game Scores'!O65:O67) -> 0 | P25: =SUM('Game by Game Scores'!P65:P67) -> 0
A26: Week 22 | B26: =SUM('Game by Game Scores'!B68:B70) -> 0 | C26: =SUM('Game by Game Scores'!C68:C70) -> 0 | D26: =SUM('Game by Game Scores'!D68:D70) -> 0 | E26: =SUM('Game by Game Scores'!E68:E70) -> 0 | F26: =SUM('Game by Game Scores'!F68:F70) -> 0 | G26: =SUM('Game by Game Scores'!G68:G70) -> 0 | J26: Week 22 | K26: =SUM('Game by Game Scores'!K68:K70) -> 0 | L26: =SUM('Game by Game Scores'!L68:L70) -> 0 | M26: =SUM('Game by Game Scores'!M68:M70) -> 0 | N26: =SUM('Game by Game Scores'!N68:N70) -> 0 | O26: =SUM('Game by Game Scores'!O68:O70) -> 0 | P26: =SUM('Game by Game Scores'!P68:P70) -> 0
A27: Week 23 | B27: =SUM('Game by Game Scores'!B71:B73) -> 0 | C27: =SUM('Game by Game Scores'!C71:C73) -> 0 | D27: =SUM('Game by Game Scores'!D71:D73) -> 0 | E27: =SUM('Game by Game Scores'!E71:E73) -> 0 | F27: =SUM('Game by Game Scores'!F71:F73) -> 0 | G27: =SUM('Game by Game Scores'!G71:G73) -> 0 | J27: Week 23 | K27: =SUM('Game by Game Scores'!K71:K73) -> 0 | L27: =SUM('Game by Game Scores'!L71:L73) -> 0 | M27: =SUM('Game by Game Scores'!M71:M73) -> 0 | N27: =SUM('Game by Game Scores'!N71:N73) -> 0 | O27: =SUM('Game by Game Scores'!O71:O73) -> 0 | P27: =SUM('Game by Game Scores'!P71:P73) -> 0
A28: Week 24 | B28: =SUM('Game by Game Scores'!B74:B76) -> 0 | C28: =SUM('Game by Game Scores'!C74:C76) -> 0 | D28: =SUM('Game by Game Scores'!D74:D76) -> 0 | E28: =SUM('Game by Game Scores'!E74:E76) -> 0 | F28: =SUM('Game by Game Scores'!F74:F76) -> 0 | G28: =SUM('Game by Game Scores'!G74:G76) -> 0 | J28: Week 24 | K28: =SUM('Game by Game Scores'!K74:K76) -> 0 | L28: =SUM('Game by Game Scores'!L74:L76) -> 0 | M28: =SUM('Game by Game Scores'!M74:M76) -> 0 | N28: =SUM('Game by Game Scores'!N74:N76) -> 0 | O28: =SUM('Game by Game Scores'!O74:O76) -> 0 | P28: =SUM('Game by Game Scores'!P74:P76) -> 0
A29: Week 25 | B29: =SUM('Game by Game Scores'!B77:B79) -> 0 | C29: =SUM('Game by Game Scores'!C77:C79) -> 0 | D29: =SUM('Game by Game Scores'!D77:D79) -> 0 | E29: =SUM('Game by Game Scores'!E77:E79) -> 0 | F29: =SUM('Game by Game Scores'!F77:F79) -> 0 | G29: =SUM('Game by Game Scores'!G77:G79) -> 0 | J29: Week 25 | K29: =SUM('Game by Game Scores'!K77:K79) -> 0 | L29: =SUM('Game by Game Scores'!L77:L79) -> 0 | M29: =SUM('Game by Game Scores'!M77:M79) -> 0 | N29: =SUM('Game by Game Scores'!N77:N79) -> 0 | O29: =SUM('Game by Game Scores'!O77:O79) -> 0 | P29: =SUM('Game by Game Scores'!P77:P79) -> 0
A30: Week 26 | B30: =SUM('Game by Game Scores'!B80:B82) -> 0 | C30: =SUM('Game by Game Scores'!C80:C82) -> 0 | D30: =SUM('Game by Game Scores'!D80:D82) -> 0 | E30: =SUM('Game by Game Scores'!E80:E82) -> 0 | F30: =SUM('Game by Game Scores'!F80:F82) -> 0 | G30: =SUM('Game by Game Scores'!G80:G82) -> 0 | J30: Week 26 | K30: =SUM('Game by Game Scores'!K80:K82) -> 0 | L30: =SUM('Game by Game Scores'!L80:L82) -> 0 | M30: =SUM('Game by Game Scores'!M80:M82) -> 0 | N30: =SUM('Game by Game Scores'!N80:N82) -> 0 | O30: =SUM('Game by Game Scores'!O80:O82) -> 0 | P30: =SUM('Game by Game Scores'!P80:P82) -> 0
A31: Week 27 | B31: =SUM('Game by Game Scores'!B83:B85) -> 0 | C31: =SUM('Game by Game Scores'!C83:C85) -> 0 | D31: =SUM('Game by Game Scores'!D83:D85) -> 0 | E31: =SUM('Game by Game Scores'!E83:E85) -> 0 | F31: =SUM('Game by Game Scores'!F83:F85) -> 0 | G31: =SUM('Game by Game Scores'!G83:G85) -> 0 | J31: Week 27 | K31: =SUM('Game by Game Scores'!K83:K85) -> 0 | L31: =SUM('Game by Game Scores'!L83:L85) -> 0 | M31: =SUM('Game by Game Scores'!M83:M85) -> 0 | N31: =SUM('Game by Game Scores'!N83:N85) -> 0 | O31: =SUM('Game by Game Scores'!O83:O85) -> 0 | P31: =SUM('Game by Game Scores'!P83:P85) -> 0
A32: Week 28 | B32: =SUM('Game by Game Scores'!B86:B88) -> 0 | C32: =SUM('Game by Game Scores'!C86:C88) -> 0 | D32: =SUM('Game by Game Scores'!D86:D88) -> 0 | E32: =SUM('Game by Game Scores'!E86:E88) -> 0 | F32: =SUM('Game by Game Scores'!F86:F88) -> 0 | G32: =SUM('Game by Game Scores'!G86:G88) -> 0 | J32: Week 28 | K32: =SUM('Game by Game Scores'!K86:K88) -> 0 | L32: =SUM('Game by Game Scores'!L86:L88) -> 0 | M32: =SUM('Game by Game Scores'!M86:M88) -> 0 | N32: =SUM('Game by Game Scores'!N86:N88) -> 0 | O32: =SUM('Game by Game Scores'!O86:O88) -> 0 | P32: =SUM('Game by Game Scores'!P86:P88) -> 0
A33: Week 29 | B33: =SUM('Game by Game Scores'!B89:B91) -> 0 | C33: =SUM('Game by Game Scores'!C89:C91) -> 0 | D33: =SUM('Game by Game Scores'!D89:D91) -> 0 | E33: =SUM('Game by Game Scores'!E89:E91) -> 0 | F33: =SUM('Game by Game Scores'!F89:F91) -> 0 | G33: =SUM('Game by Game Scores'!G89:G91) -> 0 | J33: Week 29 | K33: =SUM('Game by Game Scores'!K89:K91) -> 0 | L33: =SUM('Game by Game Scores'!L89:L91) -> 0 | M33: =SUM('Game by Game Scores'!M89:M91) -> 0 | N33: =SUM('Game by Game Scores'!N89:N91) -> 0 | O33: =SUM('Game by Game Scores'!O89:O91) -> 0 | P33: =SUM('Game by Game Scores'!P89:P91) -> 0
A34: Week 30 | B34: =SUM('Game by Game Scores'!B92:B94) -> 0 | C34: =SUM('Game by Game Scores'!C92:C94) -> 0 | D34: =SUM('Game by Game Scores'!D92:D94) -> 0 | E34: =SUM('Game by Game Scores'!E92:E94) -> 0 | F34: =SUM('Game by Game Scores'!F92:F94) -> 0 | G34: =SUM('Game by Game Scores'!G92:G94) -> 0 | J34: Week 30 | K34: =SUM('Game by Game Scores'!K92:K94) -> 0 | L34: =SUM('Game by Game Scores'!L92:L94) -> 0 | M34: =SUM('Game by Game Scores'!M92:M94) -> 0 | N34: =SUM('Game by Game Scores'!N92:N94) -> 0 | O34: =SUM('Game by Game Scores'!O92:O94) -> 0 | P34: =SUM('Game by Game Scores'!P92:P94) -> 0
A35: Week 31 | B35: =SUM('Game by Game Scores'!B95:B97) -> 0 | C35: =SUM('Game by Game Scores'!C95:C97) -> 0 | D35: =SUM('Game by Game Scores'!D95:D97) -> 0 | E35: =SUM('Game by Game Scores'!E95:E97) -> 0 | F35: =SUM('Game by Game Scores'!F95:F97) -> 0 | G35: =SUM('Game by Game Scores'!G95:G97) -> 0 | J35: Week 31 | K35: =SUM('Game by Game Scores'!K95:K97) -> 0 | L35: =SUM('Game by Game Scores'!L95:L97) -> 0 | M35: =SUM('Game by Game Scores'!M95:M97) -> 0 | N35: =SUM('Game by Game Scores'!N95:N97) -> 0 | O35: =SUM('Game by Game Scores'!O95:O97) -> 0 | P35: =SUM('Game by Game Scores'!P95:P97) -> 0
A36: Week 32 | B36: =SUM('Game by Game Scores'!B98:B100) -> 0 | C36: =SUM('Game by Game Scores'!C98:C100) -> 0 | D36: =SUM('Game by Game Scores'!D98:D100) -> 0 | E36: =SUM('Game by Game Scores'!E98:E100) -> 0 | F36: =SUM('Game by Game Scores'!F98:F100) -> 0 | G36: =SUM('Game by Game Scores'!G98:G100) -> 0 | J36: Week 32 | K36: =SUM('Game by Game Scores'!K98:K100) -> 0 | L36: =SUM('Game by Game Scores'!L98:L100) -> 0 | M36: =SUM('Game by Game Scores'!M98:M100) -> 0 | N36: =SUM('Game by Game Scores'!N98:N100) -> 0 | O36: =SUM('Game by Game Scores'!O98:O100) -> 0 | P36: =SUM('Game by Game Scores'!P98:P100) -> 0
A37: Week 33 | B37: =SUM('Game by Game Scores'!B101:B103) -> 0 | C37: =SUM('Game by Game Scores'!C101:C103) -> 0 | D37: =SUM('Game by Game Scores'!D101:D103) -> 0 | E37: =SUM('Game by Game Scores'!E101:E103) -> 0 | F37: =SUM('Game by Game Scores'!F101:F103) -> 0 | G37: =SUM('Game by Game Scores'!G101:G103) -> 0 | J37: Week 33 | K37: =SUM('Game by Game Scores'!K101:K103) -> 0 | L37: =SUM('Game by Game Scores'!L101:L103) -> 0 | M37: =SUM('Game by Game Scores'!M101:M103) -> 0 | N37: =SUM('Game by Game Scores'!N101:N103) -> 0 | O37: =SUM('Game by Game Scores'!O101:O103) -> 0 | P37: =SUM('Game by Game Scores'!P101:P103) -> 0
A38: Week 34 | B38: =SUM('Game by Game Scores'!B104:B106) -> 0 | C38: =SUM('Game by Game Scores'!C104:C106) -> 0 | D38: =SUM('Game by Game Scores'!D104:D106) -> 0 | E38: =SUM('Game by Game Scores'!E104:E106) -> 0 | F38: =SUM('Game by Game Scores'!F104:F106) -> 0 | G38: =SUM('Game by Game Scores'!G104:G106) -> 0 | J38: Week 34 | K38: =SUM('Game by Game Scores'!K104:K106) -> 0 | L38: =SUM('Game by Game Scores'!L104:L106) -> 0 | M38: =SUM('Game by Game Scores'!M104:M106) -> 0 | N38: =SUM('Game by Game Scores'!N104:N106) -> 0 | O38: =SUM('Game by Game Scores'!O104:O106) -> 0 | P38: =SUM('Game by Game Scores'!P104:P106) -> 0
A39: Week 35 | B39: =SUM('Game by Game Scores'!B107:B109) -> 0 | C39: =SUM('Game by Game Scores'!C107:C109) -> 0 | D39: =SUM('Game by Game Scores'!D107:D109) -> 0 | E39: =SUM('Game by Game Scores'!E107:E109) -> 0 | F39: =SUM('Game by Game Scores'!F107:F109) -> 0 | G39: =SUM('Game by Game Scores'!G107:G109) -> 0 | J39: Week 35 | K39: =SUM('Game by Game Scores'!K107:K109) -> 0 | L39: =SUM('Game by Game Scores'!L107:L109) -> 0 | M39: =SUM('Game by Game Scores'!M107:M109) -> 0 | N39: =SUM('Game by Game Scores'!N107:N109) -> 0 | O39: =SUM('Game by Game Scores'!O107:O109) -> 0 | P39: =SUM('Game by Game Scores'!P107:P109) -> 0
A40: Week 36 | B40: =SUM('Game by Game Scores'!B110:B112) -> 0 | C40: =SUM('Game by Game Scores'!C110:C112) -> 0 | D40: =SUM('Game by Game Scores'!D110:D112) -> 0 | E40: =SUM('Game by Game Scores'!E110:E112) -> 0 | F40: =SUM('Game by Game Scores'!F110:F112) -> 0 | G40: =SUM('Game by Game Scores'!G110:G112) -> 0 | J40: Week 36 | K40: =SUM('Game by Game Scores'!K110:K112) -> 0 | L40: =SUM('Game by Game Scores'!L110:L112) -> 0 | M40: =SUM('Game by Game Scores'!M110:M112) -> 0 | N40: =SUM('Game by Game Scores'!N110:N112) -> 0 | O40: =SUM('Game by Game Scores'!O110:O112) -> 0 | P40: =SUM('Game by Game Scores'!P110:P112) -> 0

Sheet Opponent Week by Week Scores
C2: Without Handicap | L2: With Handicap
B4: John | C4: Nick | D4: Mike | E4: Eric | F4: Greenman | G4: Ron | K4: John | L4: Nick | M4: Mike | N4: Eric | O4: Greenman | P4: Ron
A5: Week 1 | B5: =SUM('Opponent Game by Game Scores'!B5:B7) -> 664 | C5: =SUM('Opponent Game by Game Scores'!C5:C7) -> 543 | D5: =SUM('Opponent Game by Game Scores'!D5:D7) -> 601 | E5: =SUM('Opponent Game by Game Scores'!E5:E7) -> 641 | F5: =SUM('Opponent Game by Game Scores'!F5:F7) -> 622 | H5: =SUM('Opponent Game by Game Scores'!H5:H7) -> 0 | I5: =SUM('Opponent Game by Game Scores'!I5:I7) -> 0 | J5: Week 1 | K5: =SUM('Opponent Game by Game Scores'!K5:K7) -> 664 | L5: =SUM('Opponent Game by Game Scores'!L5:L7) -> 546 | M5: =SUM('Opponent Game by Game Scores'!M5:M7) -> 601 | N5: =SUM('Opponent Game by Game Scores'!N5:N7) -> 653 | O5: =SUM('Opponent Game by Game Scores'!O5:O7) -> 622
A6: Week 2 | B6: =SUM('Opponent Game by Game Scores'!B8:B10) -> 642 | C6: =SUM('Opponent Game by Game Scores'!C8:C10) -> 659 | D6: =SUM('Opponent Game by Game Scores'!D8:D10) -> 621 | E6: =SUM('Opponent Game by Game Scores'!E8:E10) -> 645 | F6: =SUM('Opponent Game by Game Scores'!F8:F10) -> 492 | J6: Week 2 | K6: =SUM('Opponent Game by Game Scores'!K8:K10) -> 642 | L6: =SUM('Opponent Game by Game Scores'!L8:L10) -> 674 | M6: =SUM('Opponent Game by Game Scores'!M8:M10) -> 621 | N6: =SUM('Opponent Game by Game Scores'!N8:N10) -> 645 | O6: =SUM('Opponent Game by Game Scores'!O8:O10) -> 492
A7: Week 3 | C7: =SUM('Opponent Game by Game Scores'!C11:C13) -> 707 | D7: =SUM('Opponent Game by Game Scores'!D11:D13) -> 555 | E7: =SUM('Opponent Game by Game Scores'!E11:E13) -> 555 | G7: =SUM('Opponent Game by Game Scores'!G11:G13) -> 514 | J7: Week 3 | L7: =SUM('Opponent Game by Game Scores'!L11:L13) -> 707 | M7: =SUM('Opponent Game by Game Scores'!M11:M13) -> 561 | N7: =SUM('Opponent Game by Game Scores'!N11:N13) -> 558 | P7: =SUM('Opponent Game by Game Scores'!P11:P13) -> 586
A8: Week 4 | B8: =SUM('Opponent Game by Game Scores'!B14:B16) -> 0 | C8: =SUM('Opponent Game by Game Scores'!C14:C16) -> 0 | D8: =SUM('Opponent Game by Game Scores'!D14:D16) -> 0 | E8: =SUM('Opponent Game by Game Scores'!E14:E16) -> 0 | F8: =SUM('Opponent Game by Game Scores'!F14:F16) -> 0 | G8: =SUM('Opponent Game by Game Scores'!G14:G16) -> 0 | J8: Week 4 | K8: =SUM('Opponent Game by Game Scores'!K14:K16) -> 0 | L8: =SUM('Opponent Game by Game Scores'!L14:L16) -> 0 | M8: =SUM('Opponent Game by Game Scores'!M14:M16) -> 0 | N8: =SUM('Opponent Game by Game Scores'!N14:N16) -> 0 | O8: =SUM('Opponent Game by Game Scores'!O14:O16) -> 0 | P8: =SUM('Opponent Game by Game Scores'!P14:P16) -> 0
A9: Week 5 | B9: =SUM('Opponent Game by Game Scores'!B17:B19) -> 0 | C9: =SUM('Opponent Game by Game Scores'!C17:C19) -> 0 | D9: =SUM('Opponent Game by Game Scores'!D17:D19) -> 0 | E9: =SUM('Opponent Game by Game Scores'!E17:E19) -> 0 | F9: =SUM('Opponent Game by Game Scores'!F17:F19) -> 0 | G9: =SUM('Opponent Game by Game Scores'!G17:G19) -> 0 | J9: Week 5 | K9: =SUM('Opponent Game by Game Scores'!K17:K19) -> 0 | L9: =SUM('Opponent Game by Game Scores'!L17:L19) -> 0 | M9: =SUM('Opponent Game by Game Scores'!M17:M19) -> 0 | N9: =SUM('Opponent Game by Game Scores'!N17:N19) -> 0 | O9: =SUM('Opponent Game by Game Scores'!O17:O19) -> 0 | P9: =SUM('Opponent Game by Game Scores'!P17:P19) -> 0
A10: Week 6 | B10: =SUM('Opponent Game by Game Scores'!B20:B22) -> 0 | C10: =SUM('Opponent Game by Game Scores'!C20:C22) -> 0 | D10: =SUM('Opponent Game by Game Scores'!D20:D22) -> 0 | E10: =SUM('Opponent Game by Game Scores'!E20:E22) -> 0 | F10: =SUM('Opponent Game by Game Scores'!F20:F22) -> 0 | G10: =SUM('Opponent Game by Game Scores'!G20:G22) -> 0 | J10: Week 6 | K10: =SUM('Opponent Game by Game Scores'!K20:K22) -> 0 | L10: =SUM('Opponent Game by Game Scores'!L20:L22) -> 0 | M10: =SUM('Opponent Game by Game Scores'!M20:M22) -> 0 | N10: =SUM('Opponent Game by Game Scores'!N20:N22) -> 0 | O10: =SUM('Opponent Game by Game Scores'!O20:O22) -> 0 | P10: =SUM('Opponent Game by Game Scores'!P20:P22) -> 0
A11: Week 7 | B11: =SUM('Opponent Game by Game Scores'!B23:B25) -> 0 | C11: =SUM('Opponent Game by Game Scores'!C23:C25) -> 0 | D11: =SUM('Opponent Game by Game Scores'!D23:D25) -> 0 | E11: =SUM('Opponent Game by Game Scores'!E23:E25) -> 0 | F11: =SUM('Opponent Game by Game Scores'!F23:F25) -> 0 | G11: =SUM('Opponent Game by Game Scores'!G23:G25) -> 0 | J11: Week 7 | K11: =SUM('Opponent Game by Game Scores'!K23:K25) -> 0 | L11: =SUM('Opponent Game by Game Scores'!L23:L25) -> 0 | M11: =SUM('Opponent Game by Game Scores'!M23:M25) -> 0 | N11: =SUM('Opponent Game by Game Scores'!N23:N25) -> 0 | O11: =SUM('Opponent Game by Game Scores'!O23:O25) -> 0 | P11: =SUM('Opponent Game by Game Scores'!P23:P25) -> 0
A12: Week 8 | B12: =SUM('Opponent Game by Game Scores'!B26:B28) -> 0 | C12: =SUM('Opponent Game by Game Scores'!C26:C28) -> 0 | D12: =SUM('Opponent Game by Game Scores'!D26:D28) -> 0 | E12: =SUM('Opponent Game by Game Scores'!E26:E28) -> 0 | F12: =SUM('Opponent Game by Game Scores'!F26:F28) -> 0 | G12: =SUM('Opponent Game by Game Scores'!G26:G28) -> 0 | J12: Week 8 | K12: =SUM('Opponent Game by Game Scores'!K26:K28) -> 0 | L12: =SUM('Opponent Game by Game Scores'!L26:L28) -> 0 | M12: =SUM('Opponent Game by Game Scores'!M26:M28) -> 0 | N12: =SUM('Opponent Game by Game Scores'!N26:N28) -> 0 | O12: =SUM('Opponent Game by Game Scores'!O26:O28) -> 0 | P12: =SUM('Opponent Game by Game Scores'!P26:P28) -> 0
A13: Week 9 | B13: =SUM('Opponent Game by Game Scores'!B29:B31) -> 0 | C13: =SUM('Opponent Game by Game Scores'!C29:C31) -> 0 | D13: =SUM('Opponent Game by Game Scores'!D29:D31) -> 0 | E13: =SUM('Opponent Game by Game Scores'!E29:E31) -> 0 | F13: =SUM('Opponent Game by Game Scores'!F29:F31) -> 0 | G13: =SUM('Opponent Game by Game Scores'!G29:G31) -> 0 | J13: Week 9 | K13: =SUM('Opponent Game by Game Scores'!K29:K31) -> 0 | L13: =SUM('Opponent Game by Game Scores'!L29:L31) -> 0 | M13: =SUM('Opponent Game by Game Scores'!M29:M31) -> 0 | N13: =SUM('Opponent Game by Game Scores'!N29:N31) -> 0 | O13: =SUM('Opponent Game by Game Scores'!O29:O31) -> 0 | P13: =SUM('Opponent Game by Game Scores'!P29:P31) -> 0
A14: Week 10 | B14: =SUM('Opponent Game by Game Scores'!B32:B34) -> 0 | C14: =SUM('Opponent Game by Game Scores'!C32:C34) -> 0 | D14: =SUM('Opponent Game by Game Scores'!D32:D34) -> 0 | E14: =SUM('Opponent Game by Game Scores'!E32:E34) -> 0 | F14: =SUM('Opponent Game by Game Scores'!F32:F34) -> 0 | G14: =SUM('Opponent Game by Game Scores'!G32:G34) -> 0 | J14: Week 10 | K14: =SUM('Opponent Game by Game Scores'!K32:K34) -> 0 | L14: =SUM('Opponent Game by Game Scores'!L32:L34) -> 0 | M14: =SUM('Opponent Game by Game Scores'!M32:M34) -> 0 | N14: =SUM('Opponent Game by Game Scores'!N32:N34) -> 0 | O14: =SUM('Opponent Game by Game Scores'!O32:O34) -> 0 | P14: =SUM('Opponent Game by Game Scores'!P32:P34) -> 0
A15: Week 11 | B15: =SUM('Opponent Game by Game Scores'!B35:B37) -> 0 | C15: =SUM('Opponent Game by Game Scores'!C35:C37) -> 0 | D15: =SUM('Opponent Game by Game Scores'!D35:D37) -> 0 | E15: =SUM('Opponent Game by Game Scores'!E35:E37) -> 0 | F15: =SUM('Opponent Game by Game Scores'!F35:F37) -> 0 | G15: =SUM('Opponent Game by Game Scores'!G35:G37) -> 0 | J15: Week 11 | K15: =SUM('Opponent Game by Game Scores'!K35:K37) -> 0 | L15: =SUM('Opponent Game by Game Scores'!L35:L37) -> 0 | M15: =SUM('Opponent Game by Game Scores'!M35:M37) -> 0 | N15: =SUM('Opponent Game by Game Scores'!N35:N37) -> 0 | O15: =SUM('Opponent Game by Game Scores'!O35:O37) -> 0 | P15: =SUM('Opponent Game by Game Scores'!P35:P37) -> 0
A16: Week 12 | B16: =SUM('Opponent Game by Game Scores'!B38:B40) -> 0 | C16: =SUM('Opponent Game by Game Scores'!C38:C40) -> 0 | D16: =SUM('Opponent Game by Game Scores'!D38:D40) -> 0 | E16: =SUM('Opponent Game by Game Scores'!E38:E40) -> 0 | F16: =SUM('Opponent Game by Game Scores'!F38:F40) -> 0 | G16: =SUM('Opponent Game by Game Scores'!G38:G40) -> 0 | J16: Week 12 | K16: =SUM('Opponent Game by Game Scores'!K38:K40) -> 0 | L16: =SUM('Opponent Game by Game Scores'!L38:L40) -> 0 | M16: =SUM('Opponent Game by Game Scores'!M38:M40) -> 0 | N16: =SUM('Opponent Game by Game Scores'!N38:N40) -> 0 | O16: =SUM('Opponent Game by Game Scores'!O38:O40) -> 0 | P16: =SUM('Opponent Game by Game Scores'!P38:P40) -> 0
A17: Week 13 | B17: =SUM('Opponent Game by Game Scores'!B41:B43) -> 0 | C17: =SUM('Opponent Game by Game Scores'!C41:C43) -> 0 | D17: =SUM('Opponent Game by Game Scores'!D41:D43) -> 0 | E17: =SUM('Opponent Game by Game Scores'!E41:E43) -> 0 | F17: =SUM('Opponent Game by Game Scores'!F41:F43) -> 0 | G17: =SUM('Opponent Game by Game Scores'!G41:G43) -> 0 | J17: Week 13 | K17: =SUM('Opponent Game by Game Scores'!K41:K43) -> 0 | L17: =SUM('Opponent Game by Game Scores'!L41:L43) -> 0 | M17: =SUM('Opponent Game by Game Scores'!M41:M43) -> 0 | N17: =SUM('Opponent Game by Game Scores'!N41:N43) -> 0 | O17: =SUM('Opponent Game by Game Scores'!O41:O43) -> 0 | P17: =SUM('Opponent Game by Game Scores'!P41:P43) -> 0
A18: Week 14 | B18: =SUM('Opponent Game by Game Scores'!B44:B46) -> 0 | C18: =SUM('Opponent Game by Game Scores'!C44:C46) -> 0 | D18: =SUM('Opponent Game by Game Scores'!D44:D46) -> 0 | E18: =SUM('Opponent Game by Game Scores'!E44:E46) -> 0 | F18: =SUM('Opponent Game by Game Scores'!F44:F46) -> 0 | G18: =SUM('Opponent Game by Game Scores'!G44:G46) -> 0 | J18: Week 14 | K18: =SUM('Opponent Game by Game Scores'!K44:K46) -> 0 | L18: =SUM('Opponent Game by Game Scores'!L44:L46) -> 0 | M18: =SUM('Opponent Game by Game Scores'!M44:M46) -> 0 | N18: =SUM('Opponent Game by Game Scores'!N44:N46) -> 0 | O18: =SUM('Opponent Game by Game Scores'!O44:O46) -> 0 | P18: =SUM('Opponent Game by Game Scores'!P44:P46) -> 0
A19: Week 15 | B19: =SUM('Opponent Game by Game Scores'!B47:B49) -> 0 | C19: =SUM('Opponent Game by Game Scores'!C47:C49) -> 0 | D19: =SUM('Opponent Game by Game Scores'!D47:D49) -> 0 | E19: =SUM('Opponent Game by Game Scores'!E47:E49) -> 0 | F19: =SUM('Opponent Game by Game Scores'!F47:F49) -> 0 | G19: =SUM('Opponent Game by Game Scores'!G47:G49) -> 0 | J19: Week 15 | K19: =SUM('Opponent Game by Game Scores'!K47:K49) -> 0 | L19: =SUM('Opponent Game by Game Scores'!L47:L49) -> 0 | M19: =SUM('Opponent Game by Game Scores'!M47:M49) -> 0 | N19: =SUM('Opponent Game by Game Scores'!N47:N49) -> 0 | O19: =SUM('Opponent Game by Game Scores'!O47:O49) -> 0 | P19: =SUM('Opponent Game by Game Scores'!P47:P49) -> 0
A20: Week 16 | B20: =SUM('Opponent Game by Game Scores'!B50:B52) -> 0 | C20: =SUM('Opponent Game by Game Scores'!C50:C52) -> 0 | D20: =SUM('Opponent Game by Game Scores'!D50:D52) -> 0 | E20: =SUM('Opponent Game by Game Scores'!E50:E52) -> 0 | F20: =SUM('Opponent Game by Game Scores'!F50:F52) -> 0 | G20: =SUM('Opponent Game by Game Scores'!G50:G52) -> 0 | J20: Week 16 | K20: =SUM('Opponent Game by Game Scores'!K50:K52) -> 0 | L20: =SUM('Opponent Game by Game Scores'!L50:L52) -> 0 | M20: =SUM('Opponent Game by Game Scores'!M50:M52) -> 0 | N20: =SUM('Opponent Game by Game Scores'!N50:N52) -> 0 | O20: =SUM('Opponent Game by Game Scores'!O50:O52) -> 0 | P20: =SUM('Opponent Game by Game Scores'!P50:P52) -> 0
A21: Week 17 | B21: =SUM('Opponent Game by Game Scores'!B53:B55) -> 0 | C21: =SUM('Opponent Game by Game Scores'!C53:C55) -> 0 | D21: =SUM('Opponent Game by Game Scores'!D53:D55) -> 0 | E21: =SUM('Opponent Game by Game Scores'!E53:E55) -> 0 | F21: =SUM('Opponent Game by Game Scores'!F53:F55) -> 0 | G21: =SUM('Opponent Game by Game Scores'!G53:G55) -> 0 | J21: Week 17 | K21: =SUM('Opponent Game by Game Scores'!K53:K55) -> 0 | L21: =SUM('Opponent Game by Game Scores'!L53:L55) -> 0 | M21: =SUM('Opponent Game by Game Scores'!M53:M55) -> 0 | N21: =SUM('Opponent Game by Game Scores'!N53:N55) -> 0 | O21: =SUM('Opponent Game by Game Scores'!O53:O55) -> 0 | P21: =SUM('Opponent Game by Game Scores'!P53:P55) -> 0
A22: Week 18 | B22: =SUM('Opponent Game by Game Scores'!B56:B58) -> 0 | C22: =SUM('Opponent Game by Game Scores'!C56:C58) -> 0 | D22: =SUM('Opponent Game by Game Scores'!D56:D58) -> 0 | E22: =SUM('Opponent Game by Game Scores'!E56:E58) -> 0 | F22: =SUM('Opponent Game by Game Scores'!F56:F58) -> 0 | G22: =SUM('Opponent Game by Game Scores'!G56:G58) -> 0 | J22: Week 18 | K22: =SUM('Opponent Game by Game Scores'!K56:K58) -> 0 | L22: =SUM('Opponent Game by Game Scores'!L56:L58) -> 0 | M22: =SUM('Opponent Game by Game Scores'!M56:M58) -> 0 | N22: =SUM('Opponent Game by Game Scores'!N56:N58) -> 0 | O22: =SUM('Opponent Game by Game Scores'!O56:O58) -> 0 | P22: =SUM('Opponent Game by Game Scores'!P56:P58) -> 0
A23: Week 19 | B23: =SUM('Opponent Game by Game Scores'!B59:B61) -> 0 | C23: =SUM('Opponent Game by Game Scores'!C59:C61) -> 0 | D23: =SUM('Opponent Game by Game Scores'!D59:D61) -> 0 | E23: =SUM('Opponent Game by Game Scores'!E59:E61) -> 0 | F23: =SUM('Opponent Game by Game Scores'!F59:F61) -> 0 | G23: =SUM('Opponent Game by Game Scores'!G59:G61) -> 0 | J23: Week 19 | K23: =SUM('Opponent Game by Game Scores'!K59:K61) -> 0 | L23: =SUM('Opponent Game by Game Scores'!L59:L61) -> 0 | M23: =SUM('Opponent Game by Game Scores'!M59:M61) -> 0 | N23: =SUM('Opponent Game by Game Scores'!N59:N61) -> 0 | O23: =SUM('Opponent Game by Game Scores'!O59:O61) -> 0 | P23: =SUM('Opponent Game by Game Scores'!P59:P61) -> 0
A24: Week 20 | B24: =SUM('Opponent Game by Game Scores'!B62:B64) -> 0 | C24: =SUM('Opponent Game by Game Scores'!C62:C64) -> 0 | D24: =SUM('Opponent Game by Game Scores'!D62:D64) -> 0 | E24: =SUM('Opponent Game by Game Scores'!E62:E64) -> 0 | F24: =SUM('Opponent Game by Game Scores'!F62:F64) -> 0 | G24: =SUM('Opponent Game by Game Scores'!G62:G64) -> 0 | J24: Week 20 | K24: =SUM('Opponent Game by Game Scores'!K62:K64) -> 0 | L24: =SUM('Opponent Game by Game Scores'!L62:L64) -> 0 | M24: =SUM('Opponent Game by Game Scores'!M62:M64) -> 0 | N24: =SUM('Opponent Game by Game Scores'!N62:N64) -> 0 | O24: =SUM('Opponent Game by Game Scores'!O62:O64) -> 0 | P24: =SUM('Opponent Game by Game Scores'!P62:P64) -> 0
A25: Week 21 | B25: =SUM('Opponent Game by Game Scores'!B65:B67) -> 0 | C25: =SUM('Opponent Game by Game Scores'!C65:C67) -> 0 | D25: =SUM('Opponent Game by Game Scores'!D65:D67) -> 0 | E25: =SUM('Opponent Game by Game Scores'!E65:E67) -> 0 | F25: =SUM('Opponent Game by Game Scores'!F65:F67) -> 0 | G25: =SUM('Opponent Game by Game Scores'!G65:G67) -> 0 | J25: Week 21 | K25: =SUM('Opponent Game by Game Scores'!K65:K67) -> 0 | L25: =SUM('Opponent Game by Game Scores'!L65:L67) -> 0 | M25: =SUM('Opponent Game by Game Scores'!M65:M67) -> 0 | N25: =SUM('Opponent Game by Game Scores'!N65:N67) -> 0 | O25: =SUM('Opponent Game by Game Scores'!O65:O67) -> 0 | P25: =SUM('Opponent Game by Game Scores'!P65:P67) -> 0
A26: Week 22 | B26: =SUM('Opponent Game by Game Scores'!B68:B70) -> 0 | C26: =SUM('Opponent Game by Game Scores'!C68:C70) -> 0 | D26: =SUM('Opponent Game by Game Scores'!D68:D70) -> 0 | E26: =SUM('Opponent Game by Game Scores'!E68:E70) -> 0 | F26: =SUM('Opponent Game by Game Scores'!F68:F70) -> 0 | G26: =SUM('Opponent Game by Game Scores'!G68:G70) -> 0 | J26: Week 22 | K26: =SUM('Opponent Game by Game Scores'!K68:K70) -> 0 | L26: =SUM('Opponent Game by Game Scores'!L68:L70) -> 0 | M26: =SUM('Opponent Game by Game Scores'!M68:M70) -> 0 | N26: =SUM('Opponent Game by Game Scores'!N68:N70) -> 0 | O26: =SUM('Opponent Game by Game Scores'!O68:O70) -> 0 | P26: =SUM('Opponent Game by Game Scores'!P68:P70) -> 0
A27: Week 23 | B27: =SUM('Opponent Game by Game Scores'!B71:B73) -> 0 | C27: =SUM('Opponent Game by Game Scores'!C71:C73) -> 0 | D27: =SUM('Opponent Game by Game Scores'!D71:D73) -> 0 | E27: =SUM('Opponent Game by Game Scores'!E71:E73) -> 0 | F27: =SUM('Opponent Game by Game Scores'!F71:F73) -> 0 | G27: =SUM('Opponent Game by Game Scores'!G71:G73) -> 0 | J27: Week 23 | K27: =SUM('Opponent Game by Game Scores'!K71:K73) -> 0 | L27: =SUM('Opponent Game by Game Scores'!L71:L73) -> 0 | M27: =SUM('Opponent Game by Game Scores'!M71:M73) -> 0 | N27: =SUM('Opponent Game by Game Scores'!N71:N73) -> 0 | O27: =SUM('Opponent Game by Game Scores'!O71:O73) -> 0 | P27: =SUM('Opponent Game by Game Scores'!P71:P73) -> 0
A28: Week 24 | B28: =SUM('Opponent Game by Game Scores'!B74:B76) -> 0 | C28: =SUM('Opponent Game by Game Scores'!C74:C76) -> 0 | D28: =SUM('Opponent Game by Game Scores'!D74:D76) -> 0 | E28: =SUM('Opponent Game by Game Scores'!E74:E76) -> 0 | F28: =SUM('Opponent Game by Game Scores'!F74:F76) -> 0 | G28: =SUM('Opponent Game by Game Scores'!G74:G76) -> 0 | J28: Week 24 | K28: =SUM('Opponent Game by Game Scores'!K74:K76) -> 0 | L28: =SUM('Opponent Game by Game Scores'!L74:L76) -> 0 | M28: =SUM('Opponent Game by Game Scores'!M74:M76) -> 0 | N28: =SUM('Opponent Game by Game Scores'!N74:N76) -> 0 | O28: =SUM('Opponent Game by Game Scores'!O74:O76) -> 0 | P28: =SUM('Opponent Game by Game Scores'!P74:P76) -> 0
A29: Week 25 | B29: =SUM('Opponent Game by Game Scores'!B77:B79) -> 0 | C29: =SUM('Opponent Game by Game Scores'!C77:C79) -> 0 | D29: =SUM('Opponent Game by Game Scores'!D77:D79) -> 0 | E29: =SUM('Opponent Game by Game Scores'!E77:E79) -> 0 | F29: =SUM('Opponent Game by Game Scores'!F77:F79) -> 0 | G29: =SUM('Opponent Game by Game Scores'!G77:G79) -> 0 | J29: Week 25 | K29: =SUM('Opponent Game by Game Scores'!K77:K79) -> 0 | L29: =SUM('Opponent Game by Game Scores'!L77:L79) -> 0 | M29: =SUM('Opponent Game by Game Scores'!M77:M79) -> 0 | N29: =SUM('Opponent Game by Game Scores'!N77:N79) -> 0 | O29: =SUM('Opponent Game by Game Scores'!O77:O79) -> 0 | P29: =SUM('Opponent Game by Game Scores'!P77:P79) -> 0
A30: Week 26 | B30: =SUM('Opponent Game by Game Scores'!B80:B82) -> 0 | C30: =SUM('Opponent Game by Game Scores'!C80:C82) -> 0 | D30: =SUM('Opponent Game by Game Scores'!D80:D82) -> 0 | E30: =SUM('Opponent Game by Game Scores'!E80:E82) -> 0 | F30: =SUM('Opponent Game by Game Scores'!F80:F82) -> 0 | G30: =SUM('Opponent Game by Game Scores'!G80:G82) -> 0 | J30: Week 26 | K30: =SUM('Opponent Game by Game Scores'!K80:K82) -> 0 | L30: =SUM('Opponent Game by Game Scores'!L80:L82) -> 0 | M30: =SUM('Opponent Game by Game Scores'!M80:M82) -> 0 | N30: =SUM('Opponent Game by Game Scores'!N80:N82) -> 0 | O30: =SUM('Opponent Game by Game Scores'!O80:O82) -> 0 | P30: =SUM('Opponent Game by Game Scores'!P80:P82) -> 0
A31: Week 27 | B31: =SUM('Opponent Game by Game Scores'!B83:B85) -> 0 | C31: =SUM('Opponent Game by Game Scores'!C83:C85) -> 0 | D31: =SUM('Opponent Game by Game Scores'!D83:D85) -> 0 | E31: =SUM('Opponent Game by Game Scores'!E83:E85) -> 0 | F31: =SUM('Opponent Game by Game Scores'!F83:F85) -> 0 | G31: =SUM('Opponent Game by Game Scores'!G83:G85) -> 0 | J31: Week 27 | K31: =SUM('Opponent Game by Game Scores'!K83:K85) -> 0 | L31: =SUM('Opponent Game by Game Scores'!L83:L85) -> 0 | M31: =SUM('Opponent Game by Game Scores'!M83:M85) -> 0 | N31: =SUM('Opponent Game by Game Scores'!N83:N85) -> 0 | O31: =SUM('Opponent Game by Game Scores'!O83:O85) -> 0 | P31: =SUM('Opponent Game by Game Scores'!P83:P85) -> 0
A32: Week 28 | B32: =SUM('Opponent Game by Game Scores'!B86:B88) -> 0 | C32: =SUM('Opponent Game by Game Scores'!C86:C88) -> 0 | D32: =SUM('Opponent Game by Game Scores'!D86:D88) -> 0 | E32: =SUM('Opponent Game by Game Scores'!E86:E88) -> 0 | F32: =SUM('Opponent Game by Game Scores'!F86:F88) -> 0 | G32: =SUM('Opponent Game by Game Scores'!G86:G88) -> 0 | J32: Week 28 | K32: =SUM('Opponent Game by Game Scores'!K86:K88) -> 0 | L32: =SUM('Opponent Game by Game Scores'!L86:L88) -> 0 | M32: =SUM('Opponent Game by Game Scores'!M86:M88) -> 0 | N32: =SUM('Opponent Game by Game Scores'!N86:N88) -> 0 | O32: =SUM('Opponent Game by Game Scores'!O86:O88) -> 0 | P32: =SUM('Opponent Game by Game Scores'!P86:P88) -> 0
A33: Week 29 | B33: =SUM('Opponent Game by Game Scores'!B89:B91) -> 0 | C33: =SUM('Opponent Game by Game Scores'!C89:C91) -> 0 | D33: =SUM('Opponent Game by Game Scores'!D89:D91) -> 0 | E33: =SUM('Opponent Game by Game Scores'!E89:E91) -> 0 | F33: =SUM('Opponent Game by Game Scores'!F89:F91) -> 0 | G33: =SUM('Opponent Game by Game Scores'!G89:G91) -> 0 | J33: Week 29 | K33: =SUM('Opponent Game by Game Scores'!K89:K91) -> 0 | L33: =SUM('Opponent Game by Game Scores'!L89:L91) -> 0 | M33: =SUM('Opponent Game by Game Scores'!M89:M91) -> 0 | N33: =SUM('Opponent Game by Game Scores'!N89:N91) -> 0 | O33: =SUM('Opponent Game by Game Scores'!O89:O91) -> 0 | P33: =SUM('Opponent Game by Game Scores'!P89:P91) -> 0
A34: Week 30 | B34: =SUM('Opponent Game by Game Scores'!B92:B94) -> 0 | C34: =SUM('Opponent Game by Game Scores'!C92:C94) -> 0 | D34: =SUM('Opponent Game by Game Scores'!D92:D94) -> 0 | E34: =SUM('Opponent Game by Game Scores'!E92:E94) -> 0 | F34: =SUM('Opponent Game by Game Scores'!F92:F94) -> 0 | G34: =SUM('Opponent Game by Game Scores'!G92:G94) -> 0 | J34: Week 30 | K34: =SUM('Opponent Game by Game Scores'!K92:K94) -> 0 | L34: =SUM('Opponent Game by Game Scores'!L92:L94) -> 0 | M34: =SUM('Opponent Game by Game Scores'!M92:M94) -> 0 | N34: =SUM('Opponent Game by Game Scores'!N92:N94) -> 0 | O34: =SUM('Opponent Game by Game Scores'!O92:O94) -> 0 | P34: =SUM('Opponent Game by Game Scores'!P92:P94) -> 0
A35: Week 31 | B35: =SUM('Opponent Game by Game Scores'!B95:B97) -> 0 | C35: =SUM('Opponent Game by Game Scores'!C95:C97) -> 0 | D35: =SUM('Opponent Game by Game Scores'!D95:D97) -> 0 | E35: =SUM('Opponent Game by Game Scores'!E95:E97) -> 0 | F35: =SUM('Opponent Game by Game Scores'!F95:F97) -> 0 | G35: =SUM('Opponent Game by Game Scores'!G95:G97) -> 0 | J35: Week 31 | K35: =SUM('Opponent Game by Game Scores'!K95:K97) -> 0 | L35: =SUM('Opponent Game by Game Scores'!L95:L97) -> 0 | M35: =SUM('Opponent Game by Game Scores'!M95:M97) -> 0 | N35: =SUM('Opponent Game by Game Scores'!N95:N97) -> 0 | O35: =SUM('Opponent Game by Game Scores'!O95:O97) -> 0 | P35: =SUM('Opponent Game by Game Scores'!P95:P97) -> 0
A36: Week 32 | B36: =SUM('Opponent Game by Game Scores'!B98:B100) -> 0 | C36: =SUM('Opponent Game by Game Scores'!C98:C100) -> 0 | D36: =SUM('Opponent Game by Game Scores'!D98:D100) -> 0 | E36: =SUM('Opponent Game by Game Scores'!E98:E100) -> 0 | F36: =SUM('Opponent Game by Game Scores'!F98:F100) -> 0 | G36: =SUM('Opponent Game by Game Scores'!G98:G100) -> 0 | J36: Week 32 | K36: =SUM('Opponent Game by Game Scores'!K98:K100) -> 0 | L36: =SUM('Opponent Game by Game Scores'!L98:L100) -> 0 | M36: =SUM('Opponent Game by Game Scores'!M98:M100) -> 0 | N36: =SUM('Opponent Game by Game Scores'!N98:N100) -> 0 | O36: =SUM('Opponent Game by Game Scores'!O98:O100) -> 0 | P36: =SUM('Opponent Game by Game Scores'!P98:P100) -> 0
A37: Week 33 | B37: =SUM('Opponent Game by Game Scores'!B101:B103) -> 0 | C37: =SUM('Opponent Game by Game Scores'!C101:C103) -> 0 | D37: =SUM('Opponent Game by Game Scores'!D101:D103) -> 0 | E37: =SUM('Opponent Game by Game Scores'!E101:E103) -> 0 | F37: =SUM('Opponent Game by Game Scores'!F101:F103) -> 0 | G37: =SUM('Opponent Game by Game Scores'!G101:G103) -> 0 | J37: Week 33 | K37: =SUM('Opponent Game by Game Scores'!K101:K103) -> 0 | L37: =SUM('Opponent Game by Game Scores'!L101:L103) -> 0 | M37: =SUM('Opponent Game by Game Scores'!M101:M103) -> 0 | N37: =SUM('Opponent Game by Game Scores'!N101:N103) -> 0 | O37: =SUM('Opponent Game by Game Scores'!O101:O103) -> 0 | P37: =SUM('Opponent Game by Game Scores'!P101:P103) -> 0
A38: Week 34 | B38: =SUM('Opponent Game by Game Scores'!B104:B106) -> 0 | C38: =SUM('Opponent Game by Game Scores'!C104:C106) -> 0 | D38: =SUM('Opponent Game by Game Scores'!D104:D106) -> 0 | E38: =SUM('Opponent Game by Game Scores'!E104:E106) -> 0 | F38: =SUM('Opponent Game by Game Scores'!F104:F106) -> 0 | G38: =SUM('Opponent Game by Game Scores'!G104:G106) -> 0 | J38: Week 34 | K38: =SUM('Opponent Game by Game Scores'!K104:K106) -> 0 | L38: =SUM('Opponent Game by Game Scores'!L104:L106) -> 0 | M38: =SUM('Opponent Game by Game Scores'!M104:M106) -> 0 | N38: =SUM('Opponent Game by Game Scores'!N104:N106) -> 0 | O38: =SUM('Opponent Game by Game Scores'!O104:O106) -> 0 | P38: =SUM('Opponent Game by Game Scores'!P104:P106) -> 0
A39: Week 35 | B39: =SUM('Opponent Game by Game Scores'!B107:B109) -> 0 | C39: =SUM('Opponent Game by Game Scores'!C107:C109) -> 0 | D39: =SUM('Opponent Game by Game Scores'!D107:D109) -> 0 | E39: =SUM('Opponent Game by Game Scores'!E107:E109) -> 0 | F39: =SUM('Opponent Game by Game Scores'!F107:F109) -> 0 | G39: =SUM('Opponent Game by Game Scores'!G107:G109) -> 0 | J39: Week 35 | K39: =SUM('Opponent Game by Game Scores'!K107:K109) -> 0 | L39: =SUM('Opponent Game by Game Scores'!L107:L109) -> 0 | M39: =SUM('Opponent Game by Game Scores'!M107:M109) -> 0 | N39: =SUM('Opponent Game by Game Scores'!N107:N109) -> 0 | O39: =SUM('Opponent Game by Game Scores'!O107:O109) -> 0 | P39: =SUM('Opponent Game by Game Scores'!P107:P109) -> 0
A40: Week 36 | B40: =SUM('Opponent Game by Game Scores'!B110:B112) -> 0 | C40: =SUM('Opponent Game by Game Scores'!C110:C112) -> 0 | D40: =SUM('Opponent Game by Game Scores'!D110:D112) -> 0 | E40: =SUM('Opponent Game by Game Scores'!E110:E112) -> 0 | F40: =SUM('Opponent Game by Game Scores'!F110:F112) -> 0 | G40: =SUM('Opponent Game by Game Scores'!G110:G112) -> 0 | J40: Week 36 | K40: =SUM('Opponent Game by Game Scores'!K110:K112) -> 0 | L40: =SUM('Opponent Game by Game Scores'!L110:L112) -> 0 | M40: =SUM('Opponent Game by Game Scores'!M110:M112) -> 0 | N40: =SUM('Opponent Game by Game Scores'!N110:N112) -> 0 | O40: =SUM('Opponent Game by Game Scores'!O110:O112) -> 0 | P40: =SUM('Opponent Game by Game Scores'!P110:P112) -> 0

Sheet Game by Game Scores
C2: Without Handicap | L2: With Handicap
B4: John | C4: Nick | D4: Mike | E4: Eric | F4: Greenman | G4: Ron | K4: John | L4: Nick | M4: Mike | N4: Eric | O4: Greenman | P4: Ron
A5: Week 1 Game 1 | B5: 247 | C5: 212 | D5: 220 | E5: 169 | F5: 220 | J5: Week 1 Game 1 | K5: =B5+Handicap!B5 -> 267 | L5: =C5+Handicap!C5 -> 212 | M5: =D5+Handicap!D5 -> 220 | N5: =E5+Handicap!E5 -> 169 | O5: =F5+Handicap!F5 -> 224
A6: Week 1 Game 2 | B6: 202 | C6: 237 | D6: 169 | E6: 268 | F6: 156 | J6: Week 1 Game 2 | K6: =B6+Handicap!B6 -> 222 | L6: =C6+Handicap!C6 -> 237 | M6: =D6+Handicap!D6 -> 169 | N6: =E6+Handicap!E6 -> 268 | O6: =F6+Handicap!F6 -> 160
A7: Week 1 Game 3 | B7: 198 | C7: 209 | D7: 170 | E7: 202 | F7: 204 | J7: Week 1 Game 3 | K7: =B7+Handicap!B7 -> 218 | L7: =C7+Handicap!C7 -> 209 | M7: =D7+Handicap!D7 -> 170 | N7: =E7+Handicap!E7 -> 202 | O7: =F7+Handicap!F7 -> 208
A8: Week 2 Game 1 | B8: 225 | C8: 184 | D8: 212 | E8: 227 | F8: 143 | J8: Week 2 Game 1 | K8: =B8+Handicap!B8 -> 241 | L8: =C8+Handicap!C8 -> 184 | M8: =D8+Handicap!D8 -> 212 | N8: =E8+Handicap!E8 -> 231 | O8: =F8+Handicap!F8 -> 143
A9: Week 2 Game 2 | B9: 182 | C9: 206 | D9: 234 | E9: 164 | F9: 181 | J9: Week 2 Game 2 | K9: =B9+Handicap!B9 -> 198 | L9: =C9+Handicap!C9 -> 206 | M9: =D9+Handicap!D9 -> 234 | N9: =E9+Handicap!E9 -> 168 | O9: =F9+Handicap!F9 -> 181
A10: Week 2 Game 3 | B10: 203 | C10: 204 | D10: 237 | E10: 189 | F10: 174 | J10: Week 2 Game 3 | K10: =B10+Handicap!B10 -> 219 | L10: =C10+Handicap!C10 -> 204 | M10: =D10+Handicap!D10 -> 237 | N10: =E10+Handicap!E10 -> 193 | O10: =F10+Handicap!F10 -> 174
A11: Week 3 Game 1 | C11: 183 | D11: 203 | E11: 212 | G11: 184 | J11: Week 3 Game 1 | L11: =C11+Handicap!C11 -> 203 | M11: =D11+Handicap!D11 -> 203 | N11: =E11+Handicap!E11 -> 212 | P11: =G11+Handicap!G11 -> 184
A12: Week 3 Game 2 | C12: 183 | D12: 205 | E12: 147 | G12: 209 | J12: Week 3 Game 2 | L12: =C12+Handicap!C12 -> 203 | M12: =D12+Handicap!D12 -> 205 | N12: =E12+Handicap!E12 -> 147 | P12: =G12+Handicap!G12 -> 209
A13: Week 3 Game 3 | C13: 202 | D13: 230 | E13: 199 | G13: 184 | J13: Week 3 Game 3 | L13: =C13+Handicap!C13 -> 222 | M13: =D13+Handicap!D13 -> 230 | N13: =E13+Handicap!E13 -> 199 | P13: =G13+Handicap!G13 -> 184
A14: Week 4 Game 1 | J14: Week 4 Game 1 | K14: =B14+Handicap!B14 -> 0 | L14: =C14+Handicap!C14 -> 0 | M14: =D14+Handicap!D14 -> 0 | N14: =E14+Handicap!E14 -> 0 | O14: =F14+Handicap!F14 -> 0 | P14: =G14+Handicap!G14 -> 0
A15: Week 4 Game 2 | J15: Week 4 Game 2 | K15: =B15+Handicap!B15 -> 0 | L15: =C15+Handicap!C15 -> 0 | M15: =D15+Handicap!D15 -> 0 | N15: =E15+Handicap!E15 -> 0 | O15: =F15+Handicap!F15 -> 0 | P15: =G15+Handicap!G15 -> 0
A16: Week 4 Game 3 | J16: Week 4 Game 3 | K16: =B16+Handicap!B16 -> 0 | L16: =C16+Handicap!C16 -> 0 | M16: =D16+Handicap!D16 -> 0 | N16: =E16+Handicap!E16 -> 0 | O16: =F16+Handicap!F16 -> 0 | P16: =G16+Handicap!G16 -> 0
A17: Week 5 Game 1 | J17: Week 5 Game 1 | K17: =B17+Handicap!B17 -> 0 | L17: =C17+Handicap!C17 -> 0 | M17: =D17+Handicap!D17 -> 0 | N17: =E17+Handicap!E17 -> 0 | O17: =F17+Handicap!F17 -> 0 | P17: =G17+Handicap!G17 -> 0
A18: Week 5 Game 2 | J18: Week 5 Game 2 | K18: =B18+Handicap!B18 -> 0 | L18: =C18+Handicap!C18 -> 0 | M18: =D18+Handicap!D18 -> 0 | N18: =E18+Handicap!E18 -> 0 | O18: =F18+Handicap!F18 -> 0 | P18: =G18+Handicap!G18 -> 0
A19: Week 5 Game 3 | J19: Week 5 Game 3 | K19: =B19+Handicap!B19 -> 0 | L19: =C19+Handicap!C19 -> 0 | M19: =D19+Handicap!D19 -> 0 | N19: =E19+Handicap!E19 -> 0 | O19: =F19+Handicap!F19 -> 0 | P19: =G19+Handicap!G19 -> 0
A20: Week 6 Game 1 | J20: Week 6 Game 1 | K20: =B20+Handicap!B20 -> 0 | L20: =C20+Handicap!C20 -> 0 | M20: =D20+Handicap!D20 -> 0 | N20: =E20+Handicap!E20 -> 0 | O20: =F20+Handicap!F20 -> 0 | P20: =G20+Handicap!G20 -> 0
A21: Week 6 Game 2 | J21: Week 6 Game 2 | K21: =B21+Handicap!B21 -> 0 | L21: =C21+Handicap!C21 -> 0 | M21: =D21+Handicap!D21 -> 0 | N21: =E21+Handicap!E21 -> 0 | O21: =F21+Handicap!F21 -> 0 | P21: =G21+Handicap!G21 -> 0
A22: Week 6 Game 3 | J22: Week 6 Game 3 | K22: =B22+Handicap!B22 -> 0 | L22: =C22+Handicap!C22 -> 0 | M22: =D22+Handicap!D22 -> 0 | N22: =E22+Handicap!E22 -> 0 | O22: =F22+Handicap!F22 -> 0 | P22: =G22+Handicap!G22 -> 0
A23: Week 7 Game 1 | J23: Week 7 Game 1 | K23: =B23+Handicap!B23 -> 0 | L23: =C23+Handicap!C23 -> 0 | M23: =D23+Handicap!D23 -> 0 | N23: =E23+Handicap!E23 -> 0 | O23: =F23+Handicap!F23 -> 0 | P23: =G23+Handicap!G23 -> 0
A24: Week 7 Game 2 | J24: Week 7 Game 2 | K24: =B24+Handicap!B24 -> 0 | L24: =C24+Handicap!C24 -> 0 | M24: =D24+Handicap!D24 -> 0 | N24: =E24+Handicap!E24 -> 0 | O24: =F24+Handicap!F24 -> 0 | P24: =G24+Handicap!G24 -> 0
A25: Week 7 Game 3 | J25: Week 7 Game 3 | K25: =B25+Handicap!B25 -> 0 | L25: =C25+Handicap!C25 -> 0 | M25: =D25+Handicap!D25 -> 0 | N25: =E25+Handicap!E25 -> 0 | O25: =F25+Handicap!F25 -> 0 | P25: =G25+Handicap!G25 -> 0
... A112: Week 36 Game 3 | J112: Week 36 Game 3 | K112: =B112+Handicap!B112 -> 0 | L112: =C112+Handicap!C112 -> 0 | M112: =D112+Handicap!D112 -> 0 | N112: =E112+Handicap!E112 -> 0 | O112: =F112+Handicap!F112 -> 0 | P112: =G112+Handicap!G112 -> 0

Sheet Opponent Game by Game Scores
C2: Without Handicap | L2: With Handicap
B4: John | C4: Nick | D4: Mike | E4: Eric | F4: Greenman | G4: Ron | K4: John | L4: Nick | M4: Mike | N4: Eric | O4: Greenman | P4: Ron
A5: Week 1 Game 1 | B5: 248 | C5: 177 | D5: 213 | E5: 184 | F5: 223 | J5: Week 1 Game 1 | K5: =B5+Handicap!K5 -> 248 | L5: =C5+Handicap!L5 -> 178 | M5: =D5+Handicap!M5 -> 213 | N5: =E5+Handicap!N5 -> 188 | O5: =F5+Handicap!O5 -> 223
A6: Week 1 Game 2 | B6: 211 | C6: 191 | D6: 196 | E6: 209 | F6: 194 | J6: Week 1 Game 2 | K6: =B6+Handicap!K6 -> 211 | L6: =C6+Handicap!L6 -> 192 | M6: =D6+Handicap!M6 -> 196 | N6: =E6+Handicap!N6 -> 213 | O6: =F6+Handicap!O6 -> 194
A7: Week 1 Game 3 | B7: 205 | C7: 175 | D7: 192 | E7: 248 | F7: 205 | J7: Week 1 Game 3 | K7: =B7+Handicap!K7 -> 205 | L7: =C7+Handicap!L7 -> 176 | M7: =D7+Handicap!M7 -> 192 | N7: =E7+Handicap!N7 -> 252 | O7: =F7+Handicap!O7 -> 205
A8: Week 2 Game 1 | B8: 266 | C8: 194 | D8: 164 | E8: 204 | F8: 170 | J8: Week 2 Game 1 | K8: =B8+Handicap!K8 -> 266 | L8: =C8+Handicap!L8 -> 199 | M8: =D8+Handicap!M8 -> 164 | N8: =E8+Handicap!N8 -> 204 | O8: =F8+Handicap!O8 -> 170
A9: Week 2 Game 2 | B9: 194 | C9: 240 | D9: 211 | E9: 238 | F9: 153 | J9: Week 2 Game 2 | K9: =B9+Handicap!K9 -> 194 | L9: =C9+Handicap!L9 -> 245 | M9: =D9+Handicap!M9 -> 211 | N9: =E9+Handicap!N9 -> 238 | O9: =F9+Handicap!O9 -> 153
A10: Week 2 Game 3 | B10: 182 | C10: 225 | D10: 246 | E10: 203 | F10: 169 | J10: Week 2 Game 3 | K10: =B10+Handicap!K10 -> 182 | L10: =C10+Handicap!L10 -> 230 | M10: =D10+Handicap!M10 -> 246 | N10: =E10+Handicap!N10 -> 203 | O10: =F10+Handicap!O10 -> 169
A11: Week 3 Game 1 | C11: 226 | D11: 185 | E11: 185 | G11: 172 | J11: Week 3 Game 1 | L11: =C11+Handicap!L11 -> 226 | M11: =D11+Handicap!M11 -> 187 | N11: =E11+Handicap!N11 -> 186 | P11: =G11+Handicap!P11 -> 196
A12: Week 3 Game 2 | C12: 214 | D12: 185 | E12: 185 | G12: 165 | J12: Week 3 Game 2 | L12: =C12+Handicap!L12 -> 214 | M12: =D12+Handicap!M12 -> 187 | N12: =E12+Handicap!N12 -> 186 | P12: =G12+Handicap!P12 -> 189
A13: Week 3 Game 3 | C13: 267 | D13: 185 | E13: 185 | G13: 177 | J13: Week 3 Game 3 | L13: =C13+Handicap!L13 -> 267 | M13: =D13+Handicap!M13 -> 187 | N13: =E13+Handicap!N13 -> 186 | P13: =G13+Handicap!P13 -> 201
A14: Week 4 Game 1 | J14: Week 4 Game 1 | K14: =B14+Handicap!K14 -> 0 | L14: =C14+Handicap!L14 -> 0 | M14: =D14+Handicap!M14 -> 0 | N14: =E14+Handicap!N14 -> 0 | O14: =F14+Handicap!O14 -> 0 | P14: =G14+Handicap!P14 -> 0
A15: Week 4 Game 2 | J15: Week 4 Game 2 | K15: =B15+Handicap!K15 -> 0 | L15: =C15+Handicap!L15 -> 0 | M15: =D15+Handicap!M15 -> 0 | N15: =E15+Handicap!N15 -> 0 | O15: =F15+Handicap!O15 -> 0 | P15: =G15+Handicap!P15 -> 0
A16: Week 4 Game 3 | J16: Week 4 Game 3 | K16: =B16+Handicap!K16 -> 0 | L16: =C16+Handicap!L16 -> 0 | M16: =D16+Handicap!M16 -> 0 | N16: =E16+Handicap!N16 -> 0 | O16: =F16+Handicap!O16 -> 0 | P16: =G16+Handicap!P16 -> 0
A17: Week 5 Game 1 | J17: Week 5 Game 1 | K17: =B17+Handicap!K17 -> 0 | L17: =C17+Handicap!L17 -> 0 | M17: =D17+Handicap!M17 -> 0 | N17: =E17+Handicap!N17 -> 0 | O17: =F17+Handicap!O17 -> 0 | P17: =G17+Handicap!P17 -> 0
A18: Week 5 Game 2 | J18: Week 5 Game 2 | K18: =B18+Handicap!K18 -> 0 | L18: =C18+Handicap!L18 -> 0 | M18: =D18+Handicap!M18 -> 0 | N18: =E18+Handicap!N18 -> 0 | O18: =F18+Handicap!O18 -> 0 | P18: =G18+Handicap!P18 -> 0
A19: Week 5 Game 3 | J19: Week 5 Game 3 | K19: =B19+Handicap!K19 -> 0 | L19: =C19+Handicap!L19 -> 0 | M19: =D19+Handicap!M19 -> 0 | N19: =E19+Handicap!N19 -> 0 | O19: =F19+Handicap!O19 -> 0 | P19: =G19+Handicap!P19 -> 0
A20: Week 6 Game 1 | J20: Week 6 Game 1 | K20: =B20+Handicap!K20 -> 0 | L20: =C20+Handicap!L20 -> 0 | M20: =D20+Handicap!M20 -> 0 | N20: =E20+Handicap!N20 -> 0 | O20: =F20+Handicap!O20 -> 0 | P20: =G20+Handicap!P20 -> 0
A21: Week 6 Game 2 | J21: Week 6 Game 2 | K21: =B21+Handicap!K21 -> 0 | L21: =C21+Handicap!L21 -> 0 | M21: =D21+Handicap!M21 -> 0 | N21: =E21+Handicap!N21 -> 0 | O21: =F21+Handicap!O21 -> 0 | P21: =G21+Handicap!P21 -> 0
A22: Week 6 Game 3 | J22: Week 6 Game 3 | K22: =B22+Handicap!K22 -> 0 | L22: =C22+Handicap!L22 -> 0 | M22: =D22+Handicap!M22 -> 0 | N22: =E22+Handicap!N22 -> 0 | O22: =F22+Handicap!O22 -> 0 | P22: =G22+Handicap!P22 -> 0
A23: Week 7 Game 1 | J23: Week 7 Game 1 | K23: =B23+Handicap!K23 -> 0 | L23: =C23+Handicap!L23 -> 0 | M23: =D23+Handicap!M23 -> 0 | N23: =E23+Handicap!N23 -> 0 | O23: =F23+Handicap!O23 -> 0 | P23: =G23+Handicap!P23 -> 0
A24: Week 7 Game 2 | J24: Week 7 Game 2 | K24: =B24+Handicap!K24 -> 0 | L24: =C24+Handicap!L24 -> 0 | M24: =D24+Handicap!M24 -> 0 | N24: =E24+Handicap!N24 -> 0 | O24: =F24+Handicap!O24 -> 0 | P24: =G24+Handicap!P24 -> 0
A25: Week 7 Game 3 | J25: Week 7 Game 3 | K25: =B25+Handicap!K25 -> 0 | L25: =C25+Handicap!L25 -> 0 | M25: =D25+Handicap!M25 -> 0 | N25: =E25+Handicap!N25 -> 0 | O25: =F25+Handicap!O25 -> 0 | P25: =G25+Handicap!P25 -> 0
... A112: Week 36 Game 3 | J112: Week 36 Game 3 | K112: =B112+Handicap!K112 -> 0 | L112: =C112+Handicap!L112 -> 0 | M112: =D112+Handicap!M112 -> 0 | N112: =E112+Handicap!N112 -> 0 | O112: =F112+Handicap!O112 -> 0 | P112: =G112+Handicap!P112 -> 0

Sheet Handicap
C2: Team | L2: Opponent
B4: John | C4: Nick | D4: Mike | E4: Eric | F4: Greenman | G4: Ron | K4: John | L4: Nick | M4: Mike | N4: Eric | O4: Greenman | P4: Ron
A5: Week 1 Game 1 | B5: 20 | C5: 0 | D5: 0 | E5: 0 | F5: 4 | J5: Week 1 Game 1 | K5: 0 | L5: 1 | M5: 0 | N5: 4 | O5: 0
A6: Week 1 Game 2 | B6: 20 | C6: 0 | D6: 0 | E6: 0 | F6: 4 | J6: Week 1 Game 2 | K6: 0 | L6: 1 | M6: 0 | N6: 4 | O6: 0
A7: Week 1 Game 3 | B7: 20 | C7: 0 | D7: 0 | E7: 0 | F7: 4 | J7: Week 1 Game 3 | K7: 0 | L7: 1 | M7: 0 | N7: 4 | O7: 0
A8: Week 2 Game 1 | B8: 16 | C8: 0 | D8: 0 | E8: 4 | F8: 0 | J8: Week 2 Game 1 | K8: 0 | L8: 5 | M8: 0 | N8: 0 | O8: 0
A9: Week 2 Game 2 | B9: 16 | C9: 0 | D9: 0 | E9: 4 | F9: 0 | J9: Week 2 Game 2 | K9: 0 | L9: 5 | M9: 0 | N9: 0 | O9: 0
A10: Week 2 Game 3 | B10: 16 | C10: 0 | D10: 0 | E10: 4 | F10: 0 | J10: Week 2 Game 3 | K10: 0 | L10: 5 | M10: 0 | N10: 0 | O10: 0
A11: Week 3 Game 1 | C11: 20 | D11: 0 | E11: 0 | G11: 0 | J11: Week 3 Game 1 | L11: 0 | M11: 2 | N11: 1 | P11: 24
A12: Week 3 Game 2 | C12: 20 | D12: 0 | E12: 0 | G12: 0 | J12: Week 3 Game 2 | L12: 0 | M12: 2 | N12: 1 | P12: 24
A13: Week 3 Game 3 | C13: 20 | D13: 0 | E13: 0 | G13: 0 | J13: Week 3 Game 3 | L13: 0 | M13: 2 | N13: 1 | P13: 24
A14: Week 4 Game 1 | J14: Week 4 Game 1
A15: Week 4 Game 2 | J15: Week 4 Game 2
A16: Week 4 Game 3 | J16: Week 4 Game 3
A17: Week 5 Game 1 | J17: Week 5 Game 1
A18: Week 5 Game 2 | J18: Week 5 Game 2
A19: Week 5 Game 3 | J19: Week 5 Game 3
A20: Week 6 Game 1 | J20: Week 6 Game 1
A21: Week 6 Game 2 | J21: Week 6 Game 2
A22: Week 6 Game 3 | J22: Week 6 Game 3
A23: Week 7 Game 1 | J23: Week 7 Game 1
A24: Week 7 Game 2 | J24: Week 7 Game 2
A25: Week 7 Game 3 | J25: Week 7 Game 3
... A112: Week 36 Game 3 | J112: Week 36 Game 3

Sheet Opponents Average
B1: John | C1: Nick | D1: Mike | E1: Eric | F1: Greenman | G1: Ron
A2: Week 1 | B2: 222 | C2: 190 | D2: 202 | E2: 196 | F2: 197
A3: Week 2 | B3: 217 | C3: 185 | D3: 202 | E3: 207 | F3: 193
A4: Week 3 | C4: 218 | D4: 200 | E4: 200 | G4: 164
A5: Week 4
A6: Week 5
A7: Week 6
A8: Week 7
A9: Week 8
A10: Week 9
A11: Week 10
A12: Week 11
A13: Week 12
A14: Week 13
A15: Week 14
A16: Week 15
... A37: Week 36

Sheet Eric Stat
B2: Player AVG when Eric bowls 200+
B4: John | C4: Nick | D4: Mike | E4: Greenman | F4: Ron
B5: =AVERAGEIFS('Game by Game Scores'!B5:B111,'Game by Game Scores'!$E$5:$E$111,">=200") -> 208.33333 | C5: =AVERAGEIFS('Game by Game Scores'!C5:C111,'Game by Game Scores'!$E$5:$E$111,">=200") -> 203.25 | D5: =AVERAGEIFS('Game by Game Scores'!D5:D111,'Game by Game Scores'!$E$5:$E$111,">=200") -> 188.5 | E5: =AVERAGEIFS('Game by Game Scores'!F5:F111,'Game by Game Scores'!$E$5:$E$111,">=200") -> 167.66667 | F5: =AVERAGEIFS('Game by Game Scores'!G5:G111,'Game by Game Scores'!$E$5:$E$111,">=200") -> 184
B8: Player AVG when Eric bowls Under 200
B10: John | C10: Nick | D10: Mike | E10: Greenman | F10: Ron
B11: =AVERAGEIFS('Game by Game Scores'!B5:B111,'Game by Game Scores'!$E$5:$E$111,"<200") -> 210.66667 | C11: =AVERAGEIFS('Game by Game Scores'!C5:C111,'Game by Game Scores'!$E$5:$E$111,"<200") -> 201.4 | D11: =AVERAGEIFS('Game by Game Scores'!D5:D111,'Game by Game Scores'!$E$5:$E$111,"<200") -> 225.2 | E11: =AVERAGEIFS('Game by Game Scores'!E5:E111,'Game by Game Scores'!$E$5:$E$111,"<200") -> 173.6 | F11: =AVERAGEIFS('Game by Game Scores'!F5:F111,'Game by Game Scores'!$E$5:$E$111,"<200") -> 191.66667

Sheet Misc
A1: Bowler | B1: Totals | C1: Opp. Totals | D1: Totals w/ Handicap | E1: Opp. Totals w/ Handicap | F1: Game 1 Average | G1: Game 2 Average | H1: Game 3 Average | I1: Games Played | J1: Wins | K1: Losses
A2: John | B2: =SUM('Week by Week Scores'!B5:B40) -> 1257 | C2: =SUM('Opponent Week by Week Scores'!B5:B40) -> 1306 | D2: =SUM('Week by Week Scores'!K5:K40) -> 1365 | E2: =SUM('Opponent Week by Week Scores'!K5:K40) -> 1306 | F2: =AVERAGE('Game by Game Scores'!B5,'Game by Game Scores'!B8,'Game by Game Scores'!B11,'Game by Game Scores'!B14,'Game by Game Scores'!B17,'Game by Game Scores'!B20,'Game by Game Scores'!B23,'Game by Game Scores'!B26,'Game by Game Scores'!B29,'Game by Game Scores'!B32,'Game by Game Scores'!B35,'Game by Game Scores'!B38,'Game by Game Scores'!B41,'Game by Game Scores'!B44,'Game by Game Scores'!B47,'Game by Game Scores'!B50,'Game by Game Scores'!B53,'Game by Game Scores'!B56,'Game by Game Scores'!B59,'Game by Game Scores'!B62,'Game by Game Scores'!B65,'Game by Game Scores'!B68,'Game by Game Scores'!B71,'Game by Game Scores'!B74,'Game by Game Scores'!B77,'Game by Game Scores'!B80,'Game by Game Scores'!B83,'Game by Game Scores'!B86,'Game by Game Scores'!B89,'Game by Game Scores'!B92,'Game by Game Scores'!B95,'Game by Game Scores'!B98,'Game by Game Scores'!B101,'Game by Game Scores'!B104,'Game by Game Scores'!B107,'Game by Game Scores'!B110) -> 236 | G2: =AVERAGE('Game by Game Scores'!B6,'Game by Game Scores'!B9,'Game by Game Scores'!B12,'Game by Game Scores'!B15,'Game by Game Scores'!B18,'Game by Game Scores'!B21,'Game by Game Scores'!B24,'Game by Game Scores'!B27,'Game by Game Scores'!B30,'Game by Game Scores'!B33,'Game by Game Scores'!B36,'Game by Game Scores'!B39,'Game by Game Scores'!B42,'Game by Game Scores'!B45,'Game by Game Scores'!B48,'Game by Game Scores'!B51,'Game by Game Scores'!B54,'Game by Game Scores'!B57,'Game by Game Scores'!B60,'Game by Game Scores'!B63,'Game by Game Scores'!B66,'Game by Game Scores'!B69,'Game by Game Scores'!B72,'Game by Game Scores'!B75,'Game by Game Scores'!B78,'Game by Game Scores'!B81,'Game by Game Scores'!B84,'Game by Game Scores'!B87,'Game by Game Scores'!B90,'Game by Game Scores'!B93,'Game by Game Scores'!B96,'Game by Game Scores'!B99,'Game by Game Scores'!B102,'Game by Game Scores'!B105,'Game by Game Scores'!B108,'Game by Game Scores'!B111) -> 192 | H2: =AVERAGE('Game by Game Scores'!B7,'Game by Game Scores'!B10,'Game by Game Scores'!B13,'Game by Game Scores'!B16,'Game by Game Scores'!B19,'Game by Game Scores'!B22,'Game by Game Scores'!B25,'Game by Game Scores'!B28,'Game by Game Scores'!B31,'Game by Game Scores'!B34,'Game by Game Scores'!B37,'Game by Game Scores'!B40,'Game by Game Scores'!B43,'Game by Game Scores'!B46,'Game by Game Scores'!B49,'Game by Game Scores'!B52,'Game by Game Scores'!B55,'Game by Game Scores'!B58,'Game by Game Scores'!B61,'Game by Game Scores'!B64,'Game by Game Scores'!B67,'Game by Game Scores'!B70,'Game by Game Scores'!B73,'Game by Game Scores'!B76,'Game by Game Scores'!B79,'Game by Game Scores'!B82,'Game by Game Scores'!B85,'Game by Game Scores'!B88,'Game by Game Scores'!B91,'Game by Game Scores'!B94,'Game by Game Scores'!B97,'Game by Game Scores'!B100,'Game by Game Scores'!B103,'Game by Game Scores'!B106,'Game by Game Scores'!B109,'Game by Game Scores'!B112) -> 200.5 | I2: 2 | J2: =SUM(Points!B2:B37) -> 5 | K2: =I2*3-J2 -> 1
A3: Nick | B3: =SUM('Week by Week Scores'!C5:C40) -> 1820 | C3: =SUM('Opponent Week by Week Scores'!C5:C40) -> 1909 | D3: =SUM('Week by Week Scores'!L5:L40) -> 1880 | E3: =SUM('Opponent Week by Week Scores'!L5:L40) -> 1927 | F3: =AVERAGE('Game by Game Scores'!C5,'Game by Game Scores'!C8,'Game by Game Scores'!C11,'Game by Game Scores'!C14,'Game by Game Scores'!C17,'Game by Game Scores'!C20,'Game by Game Scores'!C23,'Game by Game Scores'!C26,'Game by Game Scores'!C29,'Game by Game Scores'!C32,'Game by Game Scores'!C35,'Game by Game Scores'!C38,'Game by Game Scores'!C41,'Game by Game Scores'!C44,'Game by Game Scores'!C47,'Game by Game Scores'!C50,'Game by Game Scores'!C53,'Game by Game Scores'!C56,'Game by Game Scores'!C59,'Game by Game Scores'!C62,'Game by Game Scores'!C65,'Game by Game Scores'!C68,'Game by Game Scores'!C71,'Game by Game Scores'!C74,'Game by Game Scores'!C77,'Game by Game Scores'!C80,'Game by Game Scores'!C83,'Game by Game Scores'!C86,'Game by Game Scores'!C89,'Game by Game Scores'!C92,'Game by Game Scores'!C95,'Game by Game Scores'!C98,'Game by Game Scores'!C101,'Game by Game Scores'!C104,'Game by Game Scores'!C107,'Game by Game Scores'!C110) -> 193 | G3: =AVERAGE('Game by Game Scores'!C6,'Game by Game Scores'!C9,'Game by Game Scores'!C12,'Game by Game Scores'!C15,'Game by Game Scores'!C18,'Game by Game Scores'!C21,'Game by Game Scores'!C24,'Game by Game Scores'!C27,'Game by Game Scores'!C30,'Game by Game Scores'!C33,'Game by Game Scores'!C36,'Game by Game Scores'!C39,'Game by Game Scores'!C42,'Game by Game Scores'!C45,'Game by Game Scores'!C48,'Game by Game Scores'!C51,'Game by Game Scores'!C54,'Game by Game Scores'!C57,'Game by Game Scores'!C60,'Game by Game Scores'!C63,'Game by Game Scores'!C66,'Game by Game Scores'!C69,'Game by Game Scores'!C72,'Game by Game Scores'!C75,'Game by Game Scores'!C78,'Game by Game Scores'!C81,'Game by Game Scores'!C84,'Game by Game Scores'!C87,'Game by Game Scores'!C90,'Game by Game Scores'!C93,'Game by Game Scores'!C96,'Game by Game Scores'!C99,'Game by Game Scores'!C102,'Game by Game Scores'!C105,'Game by Game Scores'!C108,'Game by Game Scores'!C111) -> 208.66667 | H3: =AVERAGE('Game by Game Scores'!C7,'Game by Game Scores'!C10,'Game by Game Scores'!C13,'Game by Game Scores'!C16,'Game by Game Scores'!C19,'Game by Game Scores'!C22,'Game by Game Scores'!C25,'Game by Game Scores'!C28,'Game by Game Scores'!C31,'Game by Game Scores'!C34,'Game by Game Scores'!C37,'Game by Game Scores'!C40,'Game by Game Scores'!C43,'Game by Game Scores'!C46,'Game by Game Scores'!C49,'Game by Game Scores'!C52,'Game by Game Scores'!C55,'Game by Game Scores'!C58,'Game by Game Scores'!C61,'Game by Game Scores'!C64,'Game by Game Scores'!C67,'Game by Game Scores'!C70,'Game by Game Scores'!C73,'Game by Game Scores'!C76,'Game by Game Scores'!C79,'Game by Game Scores'!C82,'Game by Game Scores'!C85,'Game by Game Scores'!C88,'Game by Game Scores'!C91,'Game by Game Scores'!C94,'Game by Game Scores'!C97,'Game by Game Scores'!C100,'Game by Game Scores'!C103,'Game by Game Scores'!C106,'Game by Game Scores'!C109,'Game by Game Scores'!C112) -> 205 | I3: 3 | J3: =SUM(Points!C2:C37) -> 3 | K3: =I3*3-J3 -> 6
A4: Mike | B4: =SUM('Week by Week Scores'!D5:D40) -> 1880 | C4: =SUM('Opponent Week by Week Scores'!D5:D40) -> 1777 | D4: =SUM('Week by Week Scores'!M5:M40) -> 1880 | E4: =SUM('Opponent Week by Week Scores'!M5:M40) -> 1783 | F4: =AVERAGE('Game by Game Scores'!D5,'Game by Game Scores'!D8,'Game by Game Scores'!D11,'Game by Game Scores'!D14,'Game by Game Scores'!D17,'Game by Game Scores'!D20,'Game by Game Scores'!D23,'Game by Game Scores'!D26,'Game by Game Scores'!D29,'Game by Game Scores'!D32,'Game by Game Scores'!D35,'Game by Game Scores'!D38,'Game by Game Scores'!D41,'Game by Game Scores'!D44,'Game by Game Scores'!D47,'Game by Game Scores'!D50,'Game by Game Scores'!D53,'Game by Game Scores'!D56,'Game by Game Scores'!D59,'Game by Game Scores'!D62,'Game by Game Scores'!D65,'Game by Game Scores'!D68,'Game by Game Scores'!D71,'Game by Game Scores'!D74,'Game by Game Scores'!D77,'Game by Game Scores'!D80,'Game by Game Scores'!D83,'Game by Game Scores'!D86,'Game by Game Scores'!D89,'Game by Game Scores'!D92,'Game by Game Scores'!D95,'Game by Game Scores'!D98,'Game by Game Scores'!D101,'Game by Game Scores'!D104,'Game by Game Scores'!D107,'Game by Game Scores'!D110) -> 211.66667 | G4: =AVERAGE('Game by Game Scores'!D6,'Game by Game Scores'!D9,'Game by Game Scores'!D12,'Game by Game Scores'!D15,'Game by Game Scores'!D18,'Game by Game Scores'!D21,'Game by Game Scores'!D24,'Game by Game Scores'!D27,'Game by Game Scores'!D30,'Game by Game Scores'!D33,'Game by Game Scores'!D36,'Game by Game Scores'!D39,'Game by Game Scores'!D42,'Game by Game Scores'!D45,'Game by Game Scores'!D48,'Game by Game Scores'!D51,'Game by Game Scores'!D54,'Game by Game Scores'!D57,'Game by Game Scores'!D60,'Game by Game Scores'!D63,'Game by Game Scores'!D66,'Game by Game Scores'!D69,'Game by Game Scores'!D72,'Game by Game Scores'!D75,'Game by Game Scores'!D78,'Game by Game Scores'!D81,'Game by Game Scores'!D84,'Game by Game Scores'!D87,'Game by Game Scores'!D90,'Game by Game Scores'!D93,'Game by Game Scores'!D96,'Game by Game Scores'!D99,'Game by Game Scores'!D102,'Game by Game Scores'!D105,'Game by Game Scores'!D108,'Game by Game Scores'!D111) -> 202.66667 | H4: =AVERAGE('Game by Game Scores'!D7,'Game by Game Scores'!D10,'Game by Game Scores'!D13,'Game by Game Scores'!D16,'Game by Game Scores'!D19,'Game by Game Scores'!D22,'Game by Game Scores'!D25,'Game by Game Scores'!D28,'Game by Game Scores'!D31,'Game by Game Scores'!D34,'Game by Game Scores'!D37,'Game by Game Scores'!D40,'Game by Game Scores'!D43,'Game by Game Scores'!D46,'Game by Game Scores'!D49,'Game by Game Scores'!D52,'Game by Game Scores'!D55,'Game by Game Scores'!D58,'Game by Game Scores'!D61,'Game by Game Scores'!D64,'Game by Game Scores'!D67,'Game by Game Scores'!D70,'Game by Game Scores'!D73,'Game by Game Scores'!D76,'Game by Game Scores'!D79,'Game by Game Scores'!D82,'Game by Game Scores'!D85,'Game by Game Scores'!D88,'Game by Game Scores'!D91,'Game by Game Scores'!D94,'Game by Game Scores'!D97,'Game by Game Scores'!D100,'Game by Game Scores'!D103,'Game by Game Scores'!D106,'Game by Game Scores'!D109,'Game by Game Scores'!D112) -> 212.33333 | I4: 3 | J4: =SUM(Points!D2:D37) -> 6 | K4: =I4*3-J4 -> 3
A5: Eric | B5: =SUM('Week by Week Scores'!E5:E40) -> 1777 | C5: =SUM('Opponent Week by Week Scores'!E5:E40) -> 1841 | D5: =SUM('Week by Week Scores'!N5:N40) -> 1789 | E5: =SUM('Opponent Week by Week Scores'!N5:N40) -> 1856 | F5: =AVERAGE('Game by Game Scores'!E5,'Game by Game Scores'!E8,'Game by Game Scores'!E11,'Game by Game Scores'!E14,'Game by Game Scores'!E17,'Game by Game Scores'!E20,'Game by Game Scores'!E23,'Game by Game Scores'!E26,'Game by Game Scores'!E29,'Game by Game Scores'!E32,'Game by Game Scores'!E35,'Game by Game Scores'!E38,'Game by Game Scores'!E41,'Game by Game Scores'!E44,'Game by Game Scores'!E47,'Game by Game Scores'!E50,'Game by Game Scores'!E53,'Game by Game Scores'!E56,'Game by Game Scores'!E59,'Game by Game Scores'!E62,'Game by Game Scores'!E65,'Game by Game Scores'!E68,'Game by Game Scores'!E71,'Game by Game Scores'!E74,'Game by Game Scores'!E77,'Game by Game Scores'!E80,'Game by Game Scores'!E83,'Game by Game Scores'!E86,'Game by Game Scores'!E89,'Game by Game Scores'!E92,'Game by Game Scores'!E95,'Game by Game Scores'!E98,'Game by Game Scores'!E101,'Game by Game Scores'!E104,'Game by Game Scores'!E107,'Game by Game Scores'!E110) -> 202.66667 | G5: =AVERAGE('Game by Game Scores'!E6,'Game by Game Scores'!E9,'Game by Game Scores'!E12,'Game by Game Scores'!E15,'Game by Game Scores'!E18,'Game by Game Scores'!E21,'Game by Game Scores'!E24,'Game by Game Scores'!E27,'Game by Game Scores'!E30,'Game by Game Scores'!E33,'Game by Game Scores'!E36,'Game by Game Scores'!E39,'Game by Game Scores'!E42,'Game by Game Scores'!E45,'Game by Game Scores'!E48,'Game by Game Scores'!E51,'Game by Game Scores'!E54,'Game by Game Scores'!E57,'Game by Game Scores'!E60,'Game by Game Scores'!E63,'Game by Game Scores'!E66,'Game by Game Scores'!E69,'Game by Game Scores'!E72,'Game by Game Scores'!E75,'Game by Game Scores'!E78,'Game by Game Scores'!E81,'Game by Game Scores'!E84,'Game by Game Scores'!E87,'Game by Game Scores'!E90,'Game by Game Scores'!E93,'Game by Game Scores'!E96,'Game by Game Scores'!E99,'Game by Game Scores'!E102,'Game by Game Scores'!E105,'Game by Game Scores'!E108,'Game by Game Scores'!E111) -> 193 | H5: =AVERAGE('Game by Game Scores'!E7,'Game by Game Scores'!E10,'Game by Game Scores'!E13,'Game by Game Scores'!E16,'Game by Game Scores'!E19,'Game by Game Scores'!E22,'Game by Game Scores'!E25,'Game by Game Scores'!E28,'Game by Game Scores'!E31,'Game by Game Scores'!E34,'Game by Game Scores'!E37,'Game by Game Scores'!E40,'Game by Game Scores'!E43,'Game by Game Scores'!E46,'Game by Game Scores'!E49,'Game by Game Scores'!E52,'Game by Game Scores'!E55,'Game by Game Scores'!E58,'Game by Game Scores'!E61,'Game by Game Scores'!E64,'Game by Game Scores'!E67,'Game by Game Scores'!E70,'Game by Game Scores'!E73,'Game by Game Scores'!E76,'Game by Game Scores'!E79,'Game by Game Scores'!E82,'Game by Game Scores'!E85,'Game by Game Scores'!E88,'Game by Game Scores'!E91,'Game by Game Scores'!E94,'Game by Game Scores'!E97,'Game by Game Scores'!E100,'Game by Game Scores'!E103,'Game by Game Scores'!E106,'Game by Game Scores'!E109,'Game by Game Scores'!E112) -> 196.66667 | I5: 3 | J5: =SUM(Points!E2:E37) -> 4 | K5: =I5*3-J5 -> 5
A6: Greenman | B6: =SUM('Week by Week Scores'!F5:F40) -> 1078 | C6: =SUM('Opponent Week by Week Scores'!F5:F40) -> 1114 | D6: =SUM('Week by Week Scores'!O5:O40) -> 1090 | E6: =SUM('Opponent Week by Week Scores'!O5:O40) -> 1114 | F6: =AVERAGE('Game by Game Scores'!F5,'Game by Game Scores'!F8,'Game by Game Scores'!F11,'Game by Game Scores'!F14,'Game by Game Scores'!F17,'Game by Game Scores'!F20,'Game by Game Scores'!F23,'Game by Game Scores'!F26,'Game by Game Scores'!F29,'Game by Game Scores'!F32,'Game by Game Scores'!F35,'Game by Game Scores'!F38,'Game by Game Scores'!F41,'Game by Game Scores'!F44,'Game by Game Scores'!F47,'Game by Game Scores'!F50,'Game by Game Scores'!F53,'Game by Game Scores'!F56,'Game by Game Scores'!F59,'Game by Game Scores'!F62,'Game by Game Scores'!F65,'Game by Game Scores'!F68,'Game by Game Scores'!F71,'Game by Game Scores'!F74,'Game by Game Scores'!F77,'Game by Game Scores'!F80,'Game by Game Scores'!F83,'Game by Game Scores'!F86,'Game by Game Scores'!F89,'Game by Game Scores'!F92,'Game by Game Scores'!F95,'Game by Game Scores'!F98,'Game by Game Scores'!F101,'Game by Game Scores'!F104,'Game by Game Scores'!F107,'Game by Game Scores'!F110) -> 181.5 | G6: =AVERAGE('Game by Game Scores'!F6,'Game by Game Scores'!F9,'Game by Game Scores'!F12,'Game by Game Scores'!F15,'Game by Game Scores'!F18,'Game by Game Scores'!F21,'Game by Game Scores'!F24,'Game by Game Scores'!F27,'Game by Game Scores'!F30,'Game by Game Scores'!F33,'Game by Game Scores'!F36,'Game by Game Scores'!F39,'Game by Game Scores'!F42,'Game by Game Scores'!F45,'Game by Game Scores'!F48,'Game by Game Scores'!F51,'Game by Game Scores'!F54,'Game by Game Scores'!F57,'Game by Game Scores'!F60,'Game by Game Scores'!F63,'Game by Game Scores'!F66,'Game by Game Scores'!F69,'Game by Game Scores'!F72,'Game by Game Scores'!F75,'Game by Game Scores'!F78,'Game by Game Scores'!F81,'Game by Game Scores'!F84,'Game by Game Scores'!F87,'Game by Game Scores'!F90,'Game by Game Scores'!F93,'Game by Game Scores'!F96,'Game by Game Scores'!F99,'Game by Game Scores'!F102,'Game by Game Scores'!F105,'Game by Game Scores'!F108,'Game by Game Scores'!F111) -> 168.5 | H6: =AVERAGE('Game by Game Scores'!F7,'Game by Game Scores'!F10,'Game by Game Scores'!F13,'Game by Game Scores'!F16,'Game by Game Scores'!F19,'Game by Game Scores'!F22,'Game by Game Scores'!F25,'Game by Game Scores'!F28,'Game by Game Scores'!F31,'Game by Game Scores'!F34,'Game by Game Scores'!F37,'Game by Game Scores'!F40,'Game by Game Scores'!F43,'Game by Game Scores'!F46,'Game by Game Scores'!F49,'Game by Game Scores'!F52,'Game by Game Scores'!F55,'Game by Game Scores'!F58,'Game by Game Scores'!F61,'Game by Game Scores'!F64,'Game by Game Scores'!F67,'Game by Game Scores'!F70,'Game by Game Scores'!F73,'Game by Game Scores'!F76,'Game by Game Scores'!F79,'Game by Game Scores'!F82,'Game by Game Scores'!F85,'Game by Game Scores'!F88,'Game by Game Scores'!F91,'Game by Game Scores'!F94,'Game by Game Scores'!F97,'Game by Game Scores'!F100,'Game by Game Scores'!F103,'Game by Game Scores'!F106,'Game by Game Scores'!F109,'Game by Game Scores'!F112) -> 189 | I6: 2 | J6: =SUM(Points!F2:F37) -> 4 | K6: =I6*3-J6 -> 2
A7: Ron | B7: =SUM('Week by Week Scores'!G5:G40) -> 577 | C7: =SUM('Opponent Week by Week Scores'!G5:G40) -> 514 | D7: =SUM('Week by Week Scores'!P5:P40) -> 577 | E7: =SUM('Opponent Week by Week Scores'!P5:P40) -> 586 | F7: =AVERAGE('Game by Game Scores'!G5,'Game by Game Scores'!G8,'Game by Game Scores'!G11,'Game by Game Scores'!G14,'Game by Game Scores'!G17,'Game by Game Scores'!G20,'Game by Game Scores'!G23,'Game by Game Scores'!G26,'Game by Game Scores'!G29,'Game by Game Scores'!G32,'Game by Game Scores'!G35,'Game by Game Scores'!G38,'Game by Game Scores'!G41,'Game by Game Scores'!G44,'Game by Game Scores'!G47,'Game by Game Scores'!G50,'Game by Game Scores'!G53,'Game by Game Scores'!G56,'Game by Game Scores'!G59,'Game by Game Scores'!G62,'Game by Game Scores'!G65,'Game by Game Scores'!G68,'Game by Game Scores'!G71,'Game by Game Scores'!G74,'Game by Game Scores'!G77,'Game by Game Scores'!G80,'Game by Game Scores'!G83,'Game by Game Scores'!G86,'Game by Game Scores'!G89,'Game by Game Scores'!G92,'Game by Game Scores'!G95,'Game by Game Scores'!G98,'Game by Game Scores'!G101,'Game by Game Scores'!G104,'Game by Game Scores'!G107,'Game by Game Scores'!G110) -> 184 | G7: =AVERAGE('Game by Game Scores'!G6,'Game by Game Scores'!G9,'Game by Game Scores'!G12,'Game by Game Scores'!G15,'Game by Game Scores'!G18,'Game by Game Scores'!G21,'Game by Game Scores'!G24,'Game by Game Scores'!G27,'Game by Game Scores'!G30,'Game by Game Scores'!G33,'Game by Game Scores'!G36,'Game by Game Scores'!G39,'Game by Game Scores'!G42,'Game by Game Scores'!G45,'Game by Game Scores'!G48,'Game by Game Scores'!G51,'Game by Game Scores'!G54,'Game by Game Scores'!G57,'Game by Game Scores'!G60,'Game by Game Scores'!G63,'Game by Game Scores'!G66,'Game by Game Scores'!G69,'Game by Game Scores'!G72,'Game by Game Scores'!G75,'Game by Game Scores'!G78,'Game by Game Scores'!G81,'Game by Game Scores'!G84,'Game by Game Scores'!G87,'Game by Game Scores'!G90,'Game by Game Scores'!G93,'Game by Game Scores'!G96,'Game by Game Scores'!G99,'Game by Game Scores'!G102,'Game by Game Scores'!G105,'Game by Game Scores'!G108,'Game by Game Scores'!G111) -> 209 | H7: =AVERAGE('Game by Game Scores'!G7,'Game by Game Scores'!G10,'Game by Game Scores'!G13,'Game by Game Scores'!G16,'Game by Game Scores'!G19,'Game by Game Scores'!G22,'Game by Game Scores'!G25,'Game by Game Scores'!G28,'Game by Game Scores'!G31,'Game by Game Scores'!G34,'Game by Game Scores'!G37,'Game by Game Scores'!G40,'Game by Game Scores'!G43,'Game by Game Scores'!G46,'Game by Game Scores'!G49,'Game by Game Scores'!G52,'Game by Game Scores'!G55,'Game by Game Scores'!G58,'Game by Game Scores'!G61,'Game by Game Scores'!G64,'Game by Game Scores'!G67,'Game by Game Scores'!G70,'Game by Game Scores'!G73,'Game by Game Scores'!G76,'Game by Game Scores'!G79,'Game by Game Scores'!G82,'Game by Game Scores'!G85,'Game by Game Scores'!G88,'Game by Game Scores'!G91,'Game by Game Scores'!G94,'Game by Game Scores'!G97,'Game by Game Scores'!G100,'Game by Game Scores'!G103,'Game by Game Scores'!G106,'Game by Game Scores'!G109,'Game by Game Scores'!G112) -> 184 | I7: 1 | J7: =SUM(Points!G2:G37) -> 1 | K7: =I7*3-J7 -> 2
C12: Q1
A15: Bowler | B15: Average | C15: High Game | D15: Low Game | E15: High Series | F15: Low Series | G15: W/L Ratio
A16: John | B16: =AVERAGE('Game by Game Scores'!$B$5:$B$31) -> 209.5 | C16: =MAX('Game by Game Scores'!$B$5:$B$31) -> 247 | D16: =MIN('Game by Game Scores'!$B$5:$B$31) -> 182 | E16: =MAX('Week by Week Scores'!$B$5:$B$13) -> 647 | F16: =MIN('Week by Week Scores'!$B$5:$B$6) -> 610 | G16: (5-1)
A17: Nick | B17: =AVERAGE('Game by Game Scores'!$C$5:$C$31) -> 202.22222 | C17: =MAX('Game by Game Scores'!$C$5:$C$31) -> 237 | D17: =MIN('Game by Game Scores'!$C$5:$C$31) -> 183 | E17: =MAX('Week by Week Scores'!$C$5:$C$13) -> 658 | F17: =MIN('Week by Week Scores'!$C$5:$C$6) -> 594 | G17: (3-6)
A18: Mike | B18: =AVERAGE('Game by Game Scores'!$D$5:$D$31) -> 208.88889 | C18: =MAX('Game by Game Scores'!$D$5:$D$31) -> 237 | D18: =MIN('Game by Game Scores'!$D$5:$D$31) -> 169 | E18: =MAX('Week by Week Scores'!$D$5:$D$13) -> 683 | F18: =MIN('Week by Week Scores'!$D$5:$D$6) -> 559 | G18: (6-3)
A19: Eric | B19: =AVERAGE('Game by Game Scores'!$E$5:$E$31) -> 197.44444 | C19: =MAX('Game by Game Scores'!$E$5:$E$31) -> 268 | D19: =MIN('Game by Game Scores'!$E$5:$E$31) -> 147 | E19: =MAX('Week by Week Scores'!$E$5:$E$13) -> 639 | F19: =MIN('Week by Week Scores'!$E$5:$E$6) -> 580 | G19: (4-5)
A20: Greenman | B20: =AVERAGE('Game by Game Scores'!$F$5:$F$31) -> 179.66667 | C20: =MAX('Game by Game Scores'!$F$5:$F$31) -> 220 | D20: =MIN('Game by Game Scores'!$F$5:$F$31) -> 143 | E20: =MAX('Week by Week Scores'!$F$5:$F$13) -> 580 | F20: =MIN('Week by Week Scores'!$F$5:$F$6) -> 498 | G20: (4-2)
C23: Q2
A26: Bowler | B26: Average | C26: High Game | D26: Low Game | E26: High Series | F26: Low Series | G26: W/L Ratio
A27: John | B27: =AVERAGE('Game by Game Scores'!$B32:$B$58) -> #DIV/0! | C27: =MAX('Game by Game Scores'!$B$32:$B$58) -> 0 | D27: =MIN('Game by Game Scores'!$B$32:$B$58) -> 0 | E27: =MAX('Week by Week Scores'!$B$14:$B$22) -> 0 | F27: =MIN('Week by Week Scores'!$B$14:$B$22) -> 0
A28: Nick | B28: =AVERAGE('Game by Game Scores'!$C32:$C$58) -> #DIV/0! | C28: =MAX('Game by Game Scores'!$C$32:$C$58) -> 0 | D28: =MIN('Game by Game Scores'!$C$32:$C$58) -> 0 | E28: =MAX('Week by Week Scores'!$C$14:$C$22) -> 0 | F28: =MIN('Week by Week Scores'!$C$14:$C$22) -> 0
A29: Mike | B29: =AVERAGE('Game by Game Scores'!$D32:$D$58) -> #DIV/0! | C29: =MAX('Game by Game Scores'!$D$32:$D$58) -> 0 | D29: =MIN('Game by Game Scores'!$D$32:$D$58) -> 0 | E29: =MAX('Week by Week Scores'!$D$14:$D$22) -> 0 | F29: =MIN('Week by Week Scores'!$D$14:$D$22) -> 0
A30: Eric | B30: =AVERAGE('Game by Game Scores'!$E32:$E$58) -> #DIV/0! | C30: =MAX('Game by Game Scores'!$E$32:$E$58) -> 0 | D30: =MIN('Game by Game Scores'!$E$32:$E$58) -> 0 | E30: =MAX('Week by Week Scores'!$E$14:$E$22) -> 0 | F30: =MIN('Week by Week Scores'!$E$14:$E$22) -> 0
A31: Greenman | B31: =AVERAGE('Game by Game Scores'!$F32:$F$58) -> #DIV/0! | C31: =MAX('Game by Game Scores'!$F$32:$F$58) -> 0 | D31: =MIN('Game by Game Scores'!$F$32:$F$58) -> 0 | E31: =MAX('Week by Week Scores'!$F$14:$F$22) -> 0 | F31: =MIN('Week by Week Scores'!$F$14:$F$22) -> 0
C34: Q3
A37: Bowler | B37: Average | C37: High Game | D37: Low Game | E37: High Series | F37: Low Series | G37: W/L Ratio
A38: John | B38: =AVERAGE('Game by Game Scores'!$B59:$B$85) -> #DIV/0! | C38: =MAX('Game by Game Scores'!$B$59:$B$85) -> 0 | D38: =MIN('Game by Game Scores'!$B$59:$B$85) -> 0 | E38: =MAX('Week by Week Scores'!$B$23:$B$31) -> 0 | F38: =MIN('Week by Week Scores'!$B$23:$B$31) -> 0
A39: Nick | B39: =AVERAGE('Game by Game Scores'!$C59:$C$85) -> #DIV/0! | C39: =MAX('Game by Game Scores'!$C$59:$C$85) -> 0 | D39: =MIN('Game by Game Scores'!$C$59:$C$85) -> 0 | E39: =MAX('Week by Week Scores'!$C$23:$C$31) -> 0 | F39: =MIN('Week by Week Scores'!$C$23:$C$31) -> 0
A40: Mike | B40: =AVERAGE('Game by Game Scores'!$D59:$D$85) -> #DIV/0! | C40: =MAX('Game by Game Scores'!$D$59:$D$85) -> 0 | D40: =MIN('Game by Game Scores'!$D$59:$D$85) -> 0 | E40: =MAX('Week by Week Scores'!$D$23:$D$31) -> 0 | F40: =MIN('Week by Week Scores'!$D$23:$D$31) -> 0
A41: Eric | B41: =AVERAGE('Game by Game Scores'!$E59:$E$85) -> #DIV/0! | C41: =MAX('Game by Game Scores'!$E$59:$E$85) -> 0 | D41: =MIN('Game by Game Scores'!$E$59:$E$85) -> 0 | E41: =MAX('Week by Week Scores'!$E$23:$E$31) -> 0 | F41: =MIN('Week by Week Scores'!$E$23:$E$31) -> 0
A42: Greenman | B42: =AVERAGE('Game by Game Scores'!$F59:$F$85) -> #DIV/0! | C42: =MAX('Game by Game Scores'!$F$59:$F$85) -> 0 | D42: =MIN('Game by Game Scores'!$F$59:$F$85) -> 0 | E42: =MAX('Week by Week Scores'!$F$23:$F$31) -> 0 | F42: =MIN('Week by Week Scores'!$F$23:$F$31) -> 0
C45: Q4
A48: Bowler | B48: Average | C48: High Game | D48: Low Game | E48: High Series | F48: Low Series | G48: W/L Ratio
A49: John | B49: =AVERAGE('Game by Game Scores'!$B86:$B$112) -> #DIV/0! | C49: =MAX('Game by Game Scores'!$B86:$B$112) -> 0 | D49: =MIN('Game by Game Scores'!$B86:$B$112) -> 0 | E49: =MAX('Week by Week Scores'!$B$32:$B$40) -> 0 | F49: =MIN('Week by Week Scores'!$B$32:$B$39) -> 0
A50: Nick | B50: =AVERAGE('Game by Game Scores'!$C86:$C$112) -> #DIV/0! | C50: =MAX('Game by Game Scores'!$C86:$C$112) -> 0 | D50: =MIN('Game by Game Scores'!$C86:$C$112) -> 0 | E50: =MAX('Week by Week Scores'!$C$32:$C$40) -> 0 | F50: =MIN('Week by Week Scores'!$C$32:$C$39) -> 0
A51: Mike | B51: =AVERAGE('Game by Game Scores'!$D86:$D$112) -> #DIV/0! | C51: =MAX('Game by Game Scores'!$D86:$D$112) -> 0 | D51: =MIN('Game by Game Scores'!$D86:$D$112) -> 0 | E51: =MAX('Week by Week Scores'!$D$32:$D$40) -> 0 | F51: =MIN('Week by Week Scores'!$D$32:$D$39) -> 0
A52: Eric | B52: =AVERAGE('Game by Game Scores'!$E86:$E$112) -> #DIV/0! | C52: =MAX('Game by Game Scores'!$E86:$E$112) -> 0 | D52: =MIN('Game by Game Scores'!$E86:$E$112) -> 0 | E52: =MAX('Week by Week Scores'!$E$32:$E$40) -> 0 | F52: =MIN('Week by Week Scores'!$E$32:$E$39) -> 0
A53: Greenman | B53: =AVERAGE('Game by Game Scores'!$F86:$F$112) -> #DIV/0! | C53: =MAX('Game by Game Scores'!$F86:$F$112) -> 0 | D53: =MIN('Game by Game Scores'!$F86:$F$112) -> 0 | E53: =MAX('Week by Week Scores'!$F$32:$F$40) -> 0 | F53: =MIN('Week by Week Scores'!$F$32:$F$39) -> 0

Sheet Strikes
B1: John | C1: Nick | D1: Mike | E1: Eric | F1: Greenman | G1: Ron
A2: Week 1 | B2: {=SUMPRODUCT(LEN(FramebyFrame!B2:B1151)-LEN(SUBSTITUTE(LOWER(FramebyFrame!B2:B1151),"strike","")))/6} -> 34 | C2: {=SUMPRODUCT(LEN(FramebyFrame!C2:C1151)-LEN(SUBSTITUTE(LOWER(FramebyFrame!C2:C1151),"strike","")))/6} -> 49 | D2: {=SUMPRODUCT(LEN(FramebyFrame!D2:D1151)-LEN(SUBSTITUTE(LOWER(FramebyFrame!D2:D1151),"strike","")))/6} -> 56 | E2: {=SUMPRODUCT(LEN(FramebyFrame!E2:E1151)-LEN(SUBSTITUTE(LOWER(FramebyFrame!E2:E1151),"strike","")))/6} -> 53 | F2: {=SUMPRODUCT(LEN(FramebyFrame!F2:F1151)-LEN(SUBSTITUTE(LOWER(FramebyFrame!F2:F1151),"strike","")))/6} -> 32 | G2: {=SUMPRODUCT(LEN(FramebyFrame!G2:G1151)-LEN(SUBSTITUTE(LOWER(FramebyFrame!G2:G1151),"strike","")))/6} -> 15

Sheet Spares
B2: Spares Made | J2: Spares Missed
B5: John | C5: Nick | D5: Mike | E5: Eric | F5: Greenman | G5: Ron | J5: John | K5: Nick | L5: Mike | M5: Eric | N5: Greenman | O5: Ron
A6: Week 1 | B6: =COUNTIFS(FramebyFrame!B2:B1151,"*Spare*") -> 23 | C6: =COUNTIFS(FramebyFrame!C2:C1151,"*Spare*") -> 40 | D6: =COUNTIFS(FramebyFrame!D2:D1151,"*Spare*") -> 30 | E6: =COUNTIFS(FramebyFrame!E2:E1151,"*Spare*") -> 23 | F6: =COUNTIFS(FramebyFrame!F2:F1151,"*Spare*") -> 18 | G6: =COUNTIFS(FramebyFrame!G2:G1151,"*Spare*") -> 10 | I6: Week 1 | J6: =COUNTIFS(FramebyFrame!B2:B1151,"*/*") -> 8 | K6: =COUNTIFS(FramebyFrame!C2:C1151,"*/*") -> 9 | L6: =COUNTIFS(FramebyFrame!D2:D1151,"*/*") -> 14 | M6: =COUNTIFS(FramebyFrame!E2:E1151,"*/*") -> 22 | N6: =COUNTIFS(FramebyFrame!F2:F1151,"*/*") -> 17 | O6: =COUNTIFS(FramebyFrame!G2:G1151,"*/*") -> 6

Sheet Splits
B1: John | C1: Nick | D1: Mike | E1: Eric | F1: Greenman | G1: Ron
A2: Week 1 | B2: =COUNTIFS(FramebyFrame!B2:B1151,"*Split*") -> 5 | C2: =COUNTIFS(FramebyFrame!C2:C1151,"*Split*") -> 6 | D2: =COUNTIFS(FramebyFrame!D2:D1151,"*Split*") -> 9 | E2: =COUNTIFS(FramebyFrame!E2:E1151,"*Split*") -> 15 | F2: =COUNTIFS(FramebyFrame!F2:F1151,"*Split*") -> 6 | G2: =COUNTIFS(FramebyFrame!G2:G1151,"*Split*") -> 2

Sheet 10,7 Pins %
B1: John | C1: Nick | D1: Mike | E1: Eric | F1: Greenman | G1: Ron
A2: Spare % | B2: =COUNTIFS(FramebyFrame!B2:B1151,"*Spare (10 Pin)*")/COUNTIFS(FramebyFrame!B2:B1151,"*10 Pin*") -> 0.75 | C2: =COUNTIFS(FramebyFrame!C2:C1151,"*Spare (10 Pin)*")/COUNTIFS(FramebyFrame!C2:C1151,"*10 Pin*") -> 0.8 | D2: =COUNTIFS(FramebyFrame!D2:D1151,"*Spare (10 Pin)*")/COUNTIFS(FramebyFrame!D2:D1151,"*10 Pin*") -> 0.55555556 | E2: =COUNTIFS(FramebyFrame!E2:E1151,"*Spare (10 Pin)*")/COUNTIFS(FramebyFrame!E2:E1151,"*10 Pin*") -> 0.7 | F2: =COUNTIFS(FramebyFrame!F2:F1151,"*Spare (7 Pin)*")/COUNTIFS(FramebyFrame!F2:F1151,"*7 Pin*") -> 0.33333333 | G2: =COUNTIFS(FramebyFrame!G2:G1151,"*Spare (10 Pin)*")/COUNTIFS(FramebyFrame!G2:G1151,"*10 Pin*") -> 0.5

Sheet Team Totals
B1: Total Pins | C1: Total Handicap | D1: Total Pins w/ Handicap
A2: Week 1 Game 1 | B2: =SUM('Game by Game Scores'!B5:G5) -> 1068 | C2: 16 | D2: =B2+C2 -> 1084
A3: Week 1 Game 2 | B3: =SUM('Game by Game Scores'!B6:G6) -> 1032 | C3: 16 | D3: =B3+C3 -> 1048 | H3: Total Weeks Played
A4: Week 1 Game 3 | B4: =SUM('Game by Game Scores'!B7:G7) -> 983 | C4: 16 | D4: =B4+C4 -> 999 | H4: 3
A5: Week 2 Game 1 | B5: =SUM('Game by Game Scores'!B8:G8) -> 991 | C5: 14 | D5: =B5+C5 -> 1005
A6: Week 2 Game 2 | B6: =SUM('Game by Game Scores'!B9:G9) -> 967 | C6: 14 | D6: =B6+C6 -> 981
A7: Week 2 Game 3 | B7: =SUM('Game by Game Scores'!B10:G10) -> 1007 | C7: 14 | D7: =B7+C7 -> 1021
A8: Week 3 Game 1 | B8: 1039 | C8: 0 | D8: =B8+C8 -> 1039
A9: Week 3 Game 2 | B9: 961 | C9: 0 | D9: =B9+C9 -> 961
A10: Week 3 Game 3 | B10: 1035 | C10: 0 | D10: =B10+C10 -> 1035
A11: Week 4 Game 1 | B11: =SUM('Game by Game Scores'!B14:G14) -> 0 | D11: =B11+C11 -> 0
A12: Week 4 Game 2 | B12: =SUM('Game by Game Scores'!B15:G15) -> 0 | D12: =B12+C12 -> 0
A13: Week 4 Game 3 | B13: =SUM('Game by Game Scores'!B16:G16) -> 0 | D13: =B13+C13 -> 0
A14: Week 5 Game 1 | B14: =SUM('Game by Game Scores'!B17:G17) -> 0 | D14: =B14+C14 -> 0
A15: Week 5 Game 2 | B15: =SUM('Game by Game Scores'!B18:G18) -> 0 | D15: =B15+C15 -> 0
A16: Week 5 Game 3 | B16: =SUM('Game by Game Scores'!B19:G19) -> 0 | D16: =B16+C16 -> 0
A17: Week 6 Game 1 | B17: =SUM('Game by Game Scores'!B20:G20) -> 0 | D17: =B17+C17 -> 0
A18: Week 6 Game 2 | B18: =SUM('Game by Game Scores'!B21:G21) -> 0 | D18: =B18+C18 -> 0
A19: Week 6 Game 3 | B19: =SUM('Game by Game Scores'!B22:G22) -> 0 | D19: =B19+C19 -> 0
A20: Week 7 Game 1 | B20: =SUM('Game by Game Scores'!B23:G23) -> 0 | D20: =B20+C20 -> 0
A21: Week 7 Game 2 | B21: =SUM('Game by Game Scores'!B24:G24) -> 0 | D21: =B21+C21 -> 0
A22: Week 7 Game 3 | B22: =SUM('Game by Game Scores'!B25:G25) -> 0 | D22: =B22+C22 -> 0
... A109: Week 36 Game 3 | B109: =SUM('Game by Game Scores'!B112:G112) -> 0 | D109: =B109+C109 -> 0

Sheet Points
B1: John | C1: Nick | D1: Mike | E1: Eric | F1: Greenman | G1: Ron
A2: Week 1 | B2: 3 | C2: 3 | D2: 1 | E2: 1 | F2: 2
A3: Week 2 | B3: 2 | C3: 0 | D3: 2 | E3: 1 | F3: 2
A4: Week 3 | C4: 0 | D4: 3 | E4: 2 | G4: 1
A5: Week 4
A6: Week 5
A7: Week 6
A8: Week 7
A9: Week 8
A10: Week 9
A11: Week 10
A12: Week 11
A13: Week 12
A14: Week 13
A15: Week 14
A16: Week 15
... A37: Week 36

Sheet Over Average Percent
B1: John | C1: Nick | D1: Mike | E1: Eric | F1: Greenman | G1: Ron | L1: John | M1: Nick | N1: Mike | O1: Eric | P1: Greenman | Q1: Ron
A2: Week 1 | B2: 3 | C2: 3 | D2: 1 | E2: 1 | F2: 2 | K2: Week 1 | L2: 1 | M2: 1 | N2: 1 | O2: 2 | P2: 2
A3: Week 2 | B3: 2 | C3: 2 | D3: 3 | E3: 1 | F3: 0 | K3: Week 2 | L3: 1 | M3: 3 | N3: 2 | O3: 1 | P3: 0 | S3: Opponents
A4: Week 3 | C4: 1 | D4: 2 | E4: 1 | G4: 1 | K4: Week 3 | M4: 2 | N4: 0 | O4: 0 | Q4: 3
A5: Week 4 | K5: Week 4 | S5: <------
A6: Week 5 | K6: Week 5
A7: Week 6 | K7: Week 6
A8: Week 7 | K8: Week 7
A9: Week 8 | K9: Week 8
A10: Week 9 | K10: Week 9
A11: Week 10 | K11: Week 10
A12: Week 11 | K12: Week 11
A13: Week 12 | K13: Week 12
A14: Week 13 | K14: Week 13
A15: Week 14 | K15: Week 14
A16: Week 15 | K16: Week 15
A17: Week 16 | K17: Week 16
... A37: Week 36 | K37: Week 36

Sheet Card Game
B1: John | C1: Nick | D1: Mike | E1: Eric | F1: Greenman | G1: Ron
A2: Week 1 Game 1 | B2: 1 | C2: 0 | D2: 0 | E2: 0 | F2: 0
A3: Week 1 Game 2 | B3: 0 | C3: 0 | D3: 0 | E3: 1 | F3: 0
A4: Week 1 Game 3 | B4: 0 | C4: 1 | D4: 0 | E4: 0 | F4: 0
A5: Week 2 Game 1 | B5: 0 | C5: 0 | D5: 0 | E5: 1 | F5: 0
A6: Week 2 Game 2 | B6: 0 | C6: 0 | D6: 1 | E6: 0 | F6: 0
A7: Week 2 Game 3 | B7: 0 | C7: 0 | D7: 1 | E7: 0 | F7: 0
A8: Week 3 Game 1 | C8: 0 | D8: 0 | E8: 1 | G8: 0
A9: Week 3 Game 2 | C9: 0 | D9: 0 | E9: 0 | G9: 1
A10: Week 3 Game 3 | C10: 0 | D10: 0 | E10: 0 | G10: 0
A11: Week 4 Game 1
A12: Week 4 Game 2
A13: Week 4 Game 3
A14: Week 5 Game 1
A15: Week 5 Game 2
A16: Week 5 Game 3
A17: Week 6 Game 1
A18: Week 6 Game 2
A19: Week 6 Game 3
A20: Week 7 Game 1
A21: Week 7 Game 2
A22: Week 7 Game 3
... A109: Week 36 Game 3

Sheet FramebyFrame
A1: Week 1 | B1: John | C1: Nick | D1: Mike | E1: Eric | F1: Greenman | G1: Ron
A2: G1F1 | B2: Strike | C2: 9 Spare | D2: Strike | E2: Strike | F2: 7 Spare
A3: G1F2 | B3: 9 Spare | C3: 7 Spare | D3: Strike | E3: 6 Spare | F3: Strike
A4: G1F3 | B4: 9 Spare | C4: Strike | D4: Strike | E4: 9 Spare (10 Pin) | F4: Strike
A5: G1F4 | B5: Strike | C5: 9 Spare | D5: 7 Spare | E5: 8/1 (Split) | F5: 6 Spare (Split)
A6: G1F5 | B6: Strike | C6: Strike | D6: Strike | E6: 8/0 (Split) | F6: 8 Spare
A7: G1F6 | B7: Strike | C7: 9/0 (10 Pin) | D7: Strike | E7: Strike | F7: 8 Spare
A8: G1F7 | B8: Strike | C8: Strike | D8: 9 Spare (10 Pin) | E8: Strike | F8: Strike
A9: G1F8 | B9: Strike | C9: Strike | D9: 9 Spare | E9: 9 Spare | F9: Strike
A10: G1F9 | B10: Strike | C10: Strike | D10: 9 Spare | E10: Strike | F10: Strike
A11: G1F10 | B11: 9 Spare (10 Pin), 9 | C11: Strike, 7 Spare | D11: Strike, 6/0 (Split) | E11: 7/1 | F11: 8 Spare, Strike
A12: G2F1 | B12: 9 Spare | C12: Strike | D12: 5/2 (Split) | E12: 7 Spare | F12: Strike
A13: G2F2 | B13: 9 Spare (10 Pin) | C13: Strike | D13: Strike | E13: Strike | F13: 7/2
... A31: G3F10 | B31: 7 Spare (Split), 9 | C31: 9 Spare (10 Pin), 7 | D31: Strike, Strike, 8 | E31: 8 Spare, Strike | F31: Strike, 9/0
A33: Week 2 | B33: John | C33: Nick | D33: Mike | E33: Eric | F33: Greenman | G33: Ron
A34: G1F1 | B34: Strike | C34: 9 Spare | D34: 7/2 | E34: Strike | F34: 8 Spare
A35: G1F2 | B35: Strike | C35: Strike | D35: 9 Spare | E35: Strike | F35: 7/1
A36: G1F3 | B36: Strike | C36: 7/2 (Split) | D36: Strike | E36: Strike | F36: 9/0
A37: G1F4 | B37: Strike | C37: 9 Spare | D37: 9 Spare (10 Pin) | E37: 9 Spare | F37: 9 Spare
A38: G1F5 | B38: Strike | C38: 9 Spare | D38: Strike | E38: 9/0 (10 Pin) | F38: 9 Spare
A39: G1F6 | B39: 9 Spare | C39: Strike | D39: Strike | E39: 7 Spare | F39: 9/0 (7 Pin)
A40: G1F7 | B40: 8/1 (Split) | C40: 9 Spare | D40: Strike | E40: Strike | F40: Strike
A41: G1F8 | B41: Strike | C41: 7 Spare | D41: 8 Spare | E41: 8 Spare (Split) | F41: 8/1 (Split)
A42: G1F9 | B42: 8 Spare | C42: Strike | D42: Strike | E42: Strike | F42: 6/1 (Split)
A43: G1F10 | B43: 9 Spare, Strike | C43: 9 Spare (10 Pin), Strike | D43: Strike, 6/3 | E43: Strike, Strike, Strike | F43: Strike, Strike, 7
A44: G2F1 | B44: Strike | C44: Strike | D44: Strike | E44: Strike | F44: 7/2 (Split)
A45: G2F2 | B45: Strike | C45: 6 Spare (Split) | D45: Strike | E45: Strike | F45: 7/2
... A63: G3F10 | B63: Strike, Strike, Strike | C63: Strike, Strike, Strike | D63: Strike, Strike, Strike | E63: Strike, Strike, 9 | F63: Strike, Strike, Strike
A64: Week 21 Game 3
A65: Week 3 | B65: John | C65: Nick | D65: Mike | E65: Eric | F65: Greenman | G65: Ron
A66: G1F1 | C66: Strike | D66: 7 Spare | E66: Strike | G66: 8/0
A67: G1F2 | C67: 9 Spare | D67: Strike | E67: Strike | G67: 8 Spare
A68: G1F3 | C68: Strike | D68: Strike | E68: Strike | G68: 8/0
A69: G1F4 | C69: 7 Spare | D69: 7 Spare | E69: Strike | G69: Strike
A70: G1F5 | C70: Strike | D70: Strike | E70: Strike | G70: Strike
A71: G1F6 | C71: 5/3 (Split) | D71: Strike | E71: 7/2 (Split) | G71: 6/3 (Split)
A72: G1F7 | C72: Strike | D72: 8 Spare | E72: 8/1 (Split) | G72: Strike
A73: G1F8 | C73: 9 Spare | D73: Strike | E73: 9 Spare (10 Pin) | G73: Strike
A74: G1F9 | C74: 9 Spare | D74: 9/0 (10 Pin) | E74: Strike | G74: Strike
A75: G1F10 | C75: Strike, 6/2 (Split) | D75: Strike, 9 Spare | E75: 5 Spare (Split), 8 | G75: 6 Spare, Strike
A76: G2F1 | C76: 9 Spare (10 Pin) | D76: 6 Spare (Split) | E76: 6/3 (Split) | G76: 9 Spare (10 Pin)
A77: G2F2 | C77: 9 Spare | D77: Strike | E77: 7/1 (Split) | G77: Strike
... A95: G3F10 | C95: Strike, 8 Spare | D95: Strike, Strike, Strike | E95: Strike, Strike, Strike | G95: 6 Spare, 9
A96: Week 32 Game 2
A97: Week 4 | B97: John | C97: Nick | D97: Mike | E97: Eric | F97: Greenman | G97: Ron
A98: G1F1
A99: G1F2
A100: G1F3
A101: G1F4
A102: G1F5
A103: G1F6
A104: G1F7
A105: G1F8
A106: G1F9
A107: G1F10
A108: G2F1
A109: G2F2
... A127: G3F10
A129: Week 5 | B129: John | C129: Nick | D129: Mike | E129: Eric | F129: Greenman | G129: Ron
A130: G1F1
A131: G1F2
A132: G1F3
A133: G1F4
A134: G1F5
A135: G1F6
A136: G1F7
A137: G1F8
A138: G1F9
A139: G1F10
A140: G2F1
A141: G2F2
... A159: G3F10
A161: Week 6 | B161: John | C161: Nick | D161: Mike | E161: Eric | F161: Greenman | G161: Ron
A162: G1F1
A163: G1F2
A164: G1F3
A165: G1F4
A166: G1F5
A167: G1F6
A168: G1F7
A169: G1F8
A170: G1F9
A171: G1F10
A172: G2F1
A173: G2F2
... A191: G3F10
A193: Week 7 | B193: John | C193: Nick | D193: Mike | E193: Eric | F193: Greenman | G193: Ron
A194: G1F1
A195: G1F2
A196: G1F3
A197: G1F4
A198: G1F5
A199: G1F6
A200: G1F7
A201: G1F8
A202: G1F9
A203: G1F10
A204: G2F1
A205: G2F2
... A223: G3F10
...

Sheet FramebyFrame Totals
A1: Week 1 | B1: John | C1: Nick | D1: Mike | E1: Eric | F1: Greenman | G1: Ron | J1: Frame # | K1: John | L1: Nick | M1: Mike | N1: Eric | O1: Greenman | P1: Ron
A2: G1F1 | B2: 10 | C2: 10 | D2: 10 | E2: 10 | F2: 10 | J2: 1 | K2: =SUM(B2,B12,B22,B34,B44,B54,B66,B76,B86,B98,B108,B118,B130,B140,B150,B162,B172,B182,B194,B204,B214,B226,B236,B246,B258,B268,B278,B290,B300,B310,B322,B332,B342,B354,B364,B374,B386,B396,B406,B418,B428,B438,B450,B460,B470,B482,B492,B502,B514,B524,B534,B546,B556,B566,B578,B588,B598,B610,B620,B630,B642,B652,B662,B674,B684,B694,B706,B716,B726,B738,B748,B758,B770,B780,B790,B802,B812,B822,B834,B844,B854,B866,B876,B886,B898,B908,B918,B930,B940,B950,B962,B972,B982,B994,B1004,B1014,B1026,B1036,B1046,B1058,B1068,B1078,B1090,B1100,B1110,B1122,B1132,B1142)/(Misc!$I$2*3) -> 9.8333333 | L2: =SUM(C2,C12,C22,C34,C44,C54,C66,C76,C86,C98,C108,C118,C130,C140,C150,C162,C172,C182,C194,C204,C214,C226,C236,C246,C258,C268,C278,C290,C300,C310,C322,C332,C342,C354,C364,C374,C386,C396,C406,C418,C428,C438,C450,C460,C470,C482,C492,C502,C514,C524,C534,C546,C556,C566,C578,C588,C598,C610,C620,C630,C642,C652,C662,C674,C684,C694,C706,C716,C726,C738,C748,C758,C770,C780,C790,C802,C812,C822,C834,C844,C854,C866,C876,C886,C898,C908,C918,C930,C940,C950,C962,C972,C982,C994,C1004,C1014,C1026,C1036,C1046,C1058,C1068,C1078,C1090,C1100,C1110,C1122,C1132,C1142)/(Misc!$I$3*3) -> 10 | M2: =SUM(D2,D12,D22,D34,D44,D54,D66,D76,D86,D98,D108,D118,D130,D140,D150,D162,D172,D182,D194,D204,D214,D226,D236,D246,D258,D268,D278,D290,D300,D310,D322,D332,D342,D354,D364,D374,D386,D396,D406,D418,D428,D438,D450,D460,D470,D482,D492,D502,D514,D524,D534,D546,D556,D566,D578,D588,D598,D610,D620,D630,D642,D652,D662,D674,D684,D694,D706,D716,D726,D738,D748,D758,D770,D780,D790,D802,D812,D822,D834,D844,D854,D866,D876,D886,D898,D908,D918,D930,D940,D950,D962,D972,D982,D994,D1004,D1014,D1026,D1036,D1046,D1058,D1068,D1078,D1090,D1100,D1110,D1122,D1132,D1142)/(Misc!$I$4*3) -> 9.5555556 | N2: =SUM(E2,E12,E22,E34,E44,E54,E66,E76,E86,E98,E108,E118,E130,E140,E150,E162,E172,E182,E194,E204,E214,E226,E236,E246,E258,E268,E278,E290,E300,E310,E322,E332,E342,E354,E364,E374,E386,E396,E406,E418,E428,E438,E450,E460,E470,E482,E492,E502,E514,E524,E534,E546,E556,E566,E578,E588,E598,E610,E620,E630,E642,E652,E662,E674,E684,E694,E706,E716,E726,E738,E748,E758,E770,E780,E790,E802,E812,E822,E834,E844,E854,E866,E876,E886,E898,E908,E918,E930,E940,E950,E962,E972,E982,E994,E1004,E1014,E1026,E1036,E1046,E1058,E1068,E1078,E1090,E1100,E1110,E1122,E1132,E1142)/(Misc!$I$5*3) -> 9.8888889 | O2: =SUM(F2,F12,F22,F34,F44,F54,F66,F76,F86,F98,F108,F118,F130,F140,F150,F162,F172,F182,F194,F204,F214,F226,F236,F246,F258,F268,F278,F290,F300,F310,F322,F332,F342,F354,F364,F374,F386,F396,F406,F418,F428,F438,F450,F460,F470,F482,F492,F502,F514,F524,F534,F546,F556,F566,F578,F588,F598,F610,F620,F630,F642,F652,F662,F674,F684,F694,F706,F716,F726,F738,F748,F758,F770,F780,F790,F802,F812,F822,F834,F844,F854,F866,F876,F886,F898,F908,F918,F930,F940,F950,F962,F972,F982,F994,F1004,F1014,F1026,F1036,F1046,F1058,F1068,F1078,F1090,F1100,F1110,F1122,F1132,F1142)/(Misc!$I$6*3) -> 9.8333333 | P2: =SUM(G2,G12,G22,G34,G44,G54,G66,G76,G86,G98,G108,G118,G130,G140,G150,G162,G172,G182,G194,G204,G214,G226,G236,G246,G258,G268,G278,G290,G300,G310,G322,G332,G342,G354,G364,G374,G386,G396,G406,G418,G428,G438,G450,G460,G470,G482,G492,G502,G514,G524,G534,G546,G556,G566,G578,G588,G598,G610,G620,G630,G642,G652,G662,G674,G684,G694,G706,G716,G726,G738,G748,G758,G770,G780,G790,G802,G812,G822,G834,G844,G854,G866,G876,G886,G898,G908,G918,G930,G940,G950,G962,G972,G982,G994,G1004,G1014,G1026,G1036,G1046,G1058,G1068,G1078,G1090,G1100,G1110,G1122,G1132,G1142)/(Ron!$L$2*3) -> 9.3333333
A3: G1F2 | B3: 10 | C3: 10 | D3: 10 | E3: 10 | F3: 10 | J3: 2 | K3: =SUM(B3,B13,B23,B35,B45,B55,B67,B77,B87,B99,B109,B119,B131,B141,B151,B163,B173,B183,B195,B205,B215,B227,B237,B247,B259,B269,B279,B291,B301,B311,B323,B333,B343,B355,B365,B375,B387,B397,B407,B419,B429,B439,B451,B461,B471,B483,B493,B503,B515,B525,B535,B547,B557,B567,B579,B589,B599,B611,B621,B631,B643,B653,B663,B675,B685,B695,B707,B717,B727,B739,B749,B759,B771,B781,B791,B803,B813,B823,B835,B845,B855,B867,B877,B887,B899,B909,B919,B931,B941,B951,B963,B973,B983,B995,B1005,B1015,B1027,B1037,B1047,B1059,B1069,B1079,B1091,B1101,B1111,B1123,B1133,B1143)/(Misc!$I$2*3) -> 9.6666667 | L3: =SUM(C3,C13,C23,C35,C45,C55,C67,C77,C87,C99,C109,C119,C131,C141,C151,C163,C173,C183,C195,C205,C215,C227,C237,C247,C259,C269,C279,C291,C301,C311,C323,C333,C343,C355,C365,C375,C387,C397,C407,C419,C429,C439,C451,C461,C471,C483,C493,C503,C515,C525,C535,C547,C557,C567,C579,C589,C599,C611,C621,C631,C643,C653,C663,C675,C685,C695,C707,C717,C727,C739,C749,C759,C771,C781,C791,C803,C813,C823,C835,C845,C855,C867,C877,C887,C899,C909,C919,C931,C941,C951,C963,C973,C983,C995,C1005,C1015,C1027,C1037,C1047,C1059,C1069,C1079,C1091,C1101,C1111,C1123,C1133,C1143)/(Misc!$I$3*3) -> 9.8888889 | M3: =SUM(D3,D13,D23,D35,D45,D55,D67,D77,D87,D99,D109,D119,D131,D141,D151,D163,D173,D183,D195,D205,D215,D227,D237,D247,D259,D269,D279,D291,D301,D311,D323,D333,D343,D355,D365,D375,D387,D397,D407,D419,D429,D439,D451,D461,D471,D483,D493,D503,D515,D525,D535,D547,D557,D567,D579,D589,D599,D611,D621,D631,D643,D653,D663,D675,D685,D695,D707,D717,D727,D739,D749,D759,D771,D781,D791,D803,D813,D823,D835,D845,D855,D867,D877,D887,D899,D909,D919,D931,D941,D951,D963,D973,D983,D995,D1005,D1015,D1027,D1037,D1047,D1059,D1069,D1079,D1091,D1101,D1111,D1123,D1133,D1143)/(Misc!$I$4*3) -> 9.8888889 | N3: =SUM(E3,E13,E23,E35,E45,E55,E67,E77,E87,E99,E109,E119,E131,E141,E151,E163,E173,E183,E195,E205,E215,E227,E237,E247,E259,E269,E279,E291,E301,E311,E323,E333,E343,E355,E365,E375,E387,E397,E407,E419,E429,E439,E451,E461,E471,E483,E493,E503,E515,E525,E535,E547,E557,E567,E579,E589,E599,E611,E621,E631,E643,E653,E663,E675,E685,E695,E707,E717,E727,E739,E749,E759,E771,E781,E791,E803,E813,E823,E835,E845,E855,E867,E877,E887,E899,E909,E919,E931,E941,E951,E963,E973,E983,E995,E1005,E1015,E1027,E1037,E1047,E1059,E1069,E1079,E1091,E1101,E1111,E1123,E1133,E1143)/(Misc!$I$5*3) -> 9.7777778 | O3: =SUM(F3,F13,F23,F35,F45,F55,F67,F77,F87,F99,F109,F119,F131,F141,F151,F163,F173,F183,F195,F205,F215,F227,F237,F247,F259,F269,F279,F291,F301,F311,F323,F333,F343,F355,F365,F375,F387,F397,F407,F419,F429,F439,F451,F461,F471,F483,F493,F503,F515,F525,F535,F547,F557,F567,F579,F589,F599,F611,F621,F631,F643,F653,F663,F675,F685,F695,F707,F717,F727,F739,F749,F759,F771,F781,F791,F803,F813,F823,F835,F845,F855,F867,F877,F887,F899,F909,F919,F931,F941,F951,F963,F973,F983,F995,F1005,F1015,F1027,F1037,F1047,F1059,F1069,F1079,F1091,F1101,F1111,F1123,F1133,F1143)/(Misc!$I$6*3) -> 9.1666667 | P3: =SUM(G3,G13,G23,G35,G45,G55,G67,G77,G87,G99,G109,G119,G131,G141,G151,G163,G173,G183,G195,G205,G215,G227,G237,G247,G259,G269,G279,G291,G301,G311,G323,G333,G343,G355,G365,G375,G387,G397,G407,G419,G429,G439,G451,G461,G471,G483,G493,G503,G515,G525,G535,G547,G557,G567,G579,G589,G599,G611,G621,G631,G643,G653,G663,G675,G685,G695,G707,G717,G727,G739,G749,G759,G771,G781,G791,G803,G813,G823,G835,G845,G855,G867,G877,G887,G899,G909,G919,G931,G941,G951,G963,G973,G983,G995,G1005,G1015,G1027,G1037,G1047,G1059,G1069,G1079,G1091,G1101,G1111,G1123,G1133,G1143)/(Ron!$L$2*3) -> 10
A4: G1F3 | B4: 10 | C4: 10 | D4: 10 | E4: 10 | F4: 10 | J4: 3 | K4: =SUM(B4,B14,B24,B36,B46,B56,B68,B78,B88,B100,B110,B120,B132,B142,B152,B164,B174,B184,B196,B206,B216,B228,B238,B248,B260,B270,B280,B292,B302,B312,B324,B334,B344,B356,B366,B376,B388,B398,B408,B420,B430,B440,B452,B462,B472,B484,B494,B504,B516,B526,B536,B548,B558,B568,B580,B590,B600,B612,B622,B632,B644,B654,B664,B676,B686,B696,B708,B718,B728,B740,B750,B760,B772,B782,B792,B804,B814,B824,B836,B846,B856,B868,B878,B888,B900,B910,B920,B932,B942,B952,B964,B974,B984,B996,B1006,B1016,B1028,B1038,B1048,B1060,B1070,B1080,B1092,B1102,B1112,B1124,B1134,B1144)/(Misc!$I$2*3) -> 10 | L4: =SUM(C4,C14,C24,C36,C46,C56,C68,C78,C88,C100,C110,C120,C132,C142,C152,C164,C174,C184,C196,C206,C216,C228,C238,C248,C260,C270,C280,C292,C302,C312,C324,C334,C344,C356,C366,C376,C388,C398,C408,C420,C430,C440,C452,C462,C472,C484,C494,C504,C516,C526,C536,C548,C558,C568,C580,C590,C600,C612,C622,C632,C644,C654,C664,C676,C686,C696,C708,C718,C728,C740,C750,C760,C772,C782,C792,C804,C814,C824,C836,C846,C856,C868,C878,C888,C900,C910,C920,C932,C942,C952,C964,C974,C984,C996,C1006,C1016,C1028,C1038,C1048,C1060,C1070,C1080,C1092,C1102,C1112,C1124,C1134,C1144)/(Misc!$I$3*3) -> 9.8888889 | M4: =SUM(D4,D14,D24,D36,D46,D56,D68,D78,D88,D100,D110,D120,D132,D142,D152,D164,D174,D184,D196,D206,D216,D228,D238,D248,D260,D270,D280,D292,D302,D312,D324,D334,D344,D356,D366,D376,D388,D398,D408,D420,D430,D440,D452,D462,D472,D484,D494,D504,D516,D526,D536,D548,D558,D568,D580,D590,D600,D612,D622,D632,D644,D654,D664,D676,D686,D696,D708,D718,D728,D740,D750,D760,D772,D782,D792,D804,D814,D824,D836,D846,D856,D868,D878,D888,D900,D910,D920,D932,D942,D952,D964,D974,D984,D996,D1006,D1016,D1028,D1038,D1048,D1060,D1070,D1080,D1092,D1102,D1112,D1124,D1134,D1144)/(Misc!$I$4*3) -> 10 | N4: =SUM(E4,E14,E24,E36,E46,E56,E68,E78,E88,E100,E110,E120,E132,E142,E152,E164,E174,E184,E196,E206,E216,E228,E238,E248,E260,E270,E280,E292,E302,E312,E324,E334,E344,E356,E366,E376,E388,E398,E408,E420,E430,E440,E452,E462,E472,E484,E494,E504,E516,E526,E536,E548,E558,E568,E580,E590,E600,E612,E622,E632,E644,E654,E664,E676,E686,E696,E708,E718,E728,E740,E750,E760,E772,E782,E792,E804,E814,E824,E836,E846,E856,E868,E878,E888,E900,E910,E920,E932,E942,E952,E964,E974,E984,E996,E1006,E1016,E1028,E1038,E1048,E1060,E1070,E1080,E1092,E1102,E1112,E1124,E1134,E1144)/(Misc!$I$5*3) -> 9.7777778 | O4: =SUM(F4,F14,F24,F36,F46,F56,F68,F78,F88,F100,F110,F120,F132,F142,F152,F164,F174,F184,F196,F206,F216,F228,F238,F248,F260,F270,F280,F292,F302,F312,F324,F334,F344,F356,F366,F376,F388,F398,F408,F420,F430,F440,F452,F462,F472,F484,F494,F504,F516,F526,F536,F548,F558,F568,F580,F590,F600,F612,F622,F632,F644,F654,F664,F676,F686,F696,F708,F718,F728,F740,F750,F760,F772,F782,F792,F804,F814,F824,F836,F846,F856,F868,F878,F888,F900,F910,F920,F932,F942,F952,F964,F974,F984,F996,F1006,F1016,F1028,F1038,F1048,F1060,F1070,F1080,F1092,F1102,F1112,F1124,F1134,F1144)/(Misc!$I$6*3) -> 9.6666667 | P4: =SUM(G4,G14,G24,G36,G46,G56,G68,G78,G88,G100,G110,G120,G132,G142,G152,G164,G174,G184,G196,G206,G216,G228,G238,G248,G260,G270,G280,G292,G302,G312,G324,G334,G344,G356,G366,G376,G388,G398,G408,G420,G430,G440,G452,G462,G472,G484,G494,G504,G516,G526,G536,G548,G558,G568,G580,G590,G600,G612,G622,G632,G644,G654,G664,G676,G686,G696,G708,G718,G728,G740,G750,G760,G772,G782,G792,G804,G814,G824,G836,G846,G856,G868,G878,G888,G900,G910,G920,G932,G942,G952,G964,G974,G984,G996,G1006,G1016,G1028,G1038,G1048,G1060,G1070,G1080,G1092,G1102,G1112,G1124,G1134,G1144)/(Ron!$L$2*3) -> 9.3333333
A5: G1F4 | B5: 10 | C5: 10 | D5: 10 | E5: 9 | F5: 10 | J5: 4 | K5: =SUM(B5,B15,B25,B37,B47,B57,B69,B79,B89,B101,B111,B121,B133,B143,B153,B165,B175,B185,B197,B207,B217,B229,B239,B249,B261,B271,B281,B293,B303,B313,B325,B335,B345,B357,B367,B377,B389,B399,B409,B421,B431,B441,B453,B463,B473,B485,B495,B505,B517,B527,B537,B549,B559,B569,B581,B591,B601,B613,B623,B633,B645,B655,B665,B677,B687,B697,B709,B719,B729,B741,B751,B761,B773,B783,B793,B805,B815,B825,B837,B847,B857,B869,B879,B889,B901,B911,B921,B933,B943,B953,B965,B975,B985,B997,B1007,B1017,B1029,B1039,B1049,B1061,B1071,B1081,B1093,B1103,B1113,B1125,B1135,B1145)/(Misc!$I$2*3) -> 9.8333333 | L5: =SUM(C5,C15,C25,C37,C47,C57,C69,C79,C89,C101,C111,C121,C133,C143,C153,C165,C175,C185,C197,C207,C217,C229,C239,C249,C261,C271,C281,C293,C303,C313,C325,C335,C345,C357,C367,C377,C389,C399,C409,C421,C431,C441,C453,C463,C473,C485,C495,C505,C517,C527,C537,C549,C559,C569,C581,C591,C601,C613,C623,C633,C645,C655,C665,C677,C687,C697,C709,C719,C729,C741,C751,C761,C773,C783,C793,C805,C815,C825,C837,C847,C857,C869,C879,C889,C901,C911,C921,C933,C943,C953,C965,C975,C985,C997,C1007,C1017,C1029,C1039,C1049,C1061,C1071,C1081,C1093,C1103,C1113,C1125,C1135,C1145)/(Misc!$I$3*3) -> 9.8888889 | M5: =SUM(D5,D15,D25,D37,D47,D57,D69,D79,D89,D101,D111,D121,D133,D143,D153,D165,D175,D185,D197,D207,D217,D229,D239,D249,D261,D271,D281,D293,D303,D313,D325,D335,D345,D357,D367,D377,D389,D399,D409,D421,D431,D441,D453,D463,D473,D485,D495,D505,D517,D527,D537,D549,D559,D569,D581,D591,D601,D613,D623,D633,D645,D655,D665,D677,D687,D697,D709,D719,D729,D741,D751,D761,D773,D783,D793,D805,D815,D825,D837,D847,D857,D869,D879,D889,D901,D911,D921,D933,D943,D953,D965,D975,D985,D997,D1007,D1017,D1029,D1039,D1049,D1061,D1071,D1081,D1093,D1103,D1113,D1125,D1135,D1145)/(Misc!$I$4*3) -> 10 | N5: =SUM(E5,E15,E25,E37,E47,E57,E69,E79,E89,E101,E111,E121,E133,E143,E153,E165,E175,E185,E197,E207,E217,E229,E239,E249,E261,E271,E281,E293,E303,E313,E325,E335,E345,E357,E367,E377,E389,E399,E409,E421,E431,E441,E453,E463,E473,E485,E495,E505,E517,E527,E537,E549,E559,E569,E581,E591,E601,E613,E623,E633,E645,E655,E665,E677,E687,E697,E709,E719,E729,E741,E751,E761,E773,E783,E793,E805,E815,E825,E837,E847,E857,E869,E879,E889,E901,E911,E921,E933,E943,E953,E965,E975,E985,E997,E1007,E1017,E1029,E1039,E1049,E1061,E1071,E1081,E1093,E1103,E1113,E1125,E1135,E1145)/(Misc!$I$5*3) -> 9.5555556 | O5: =SUM(F5,F15,F25,F37,F47,F57,F69,F79,F89,F101,F111,F121,F133,F143,F153,F165,F175,F185,F197,F207,F217,F229,F239,F249,F261,F271,F281,F293,F303,F313,F325,F335,F345,F357,F367,F377,F389,F399,F409,F421,F431,F441,F453,F463,F473,F485,F495,F505,F517,F527,F537,F549,F559,F569,F581,F591,F601,F613,F623,F633,F645,F655,F665,F677,F687,F697,F709,F719,F729,F741,F751,F761,F773,F783,F793,F805,F815,F825,F837,F847,F857,F869,F879,F889,F901,F911,F921,F933,F943,F953,F965,F975,F985,F997,F1007,F1017,F1029,F1039,F1049,F1061,F1071,F1081,F1093,F1103,F1113,F1125,F1135,F1145)/(Misc!$I$6*3) -> 10 | P5: =SUM(G5,G15,G25,G37,G47,G57,G69,G79,G89,G101,G111,G121,G133,G143,G153,G165,G175,G185,G197,G207,G217,G229,G239,G249,G261,G271,G281,G293,G303,G313,G325,G335,G345,G357,G367,G377,G389,G399,G409,G421,G431,G441,G453,G463,G473,G485,G495,G505,G517,G527,G537,G549,G559,G569,G581,G591,G601,G613,G623,G633,G645,G655,G665,G677,G687,G697,G709,G719,G729,G741,G751,G761,G773,G783,G793,G805,G815,G825,G837,G847,G857,G869,G879,G889,G901,G911,G921,G933,G943,G953,G965,G975,G985,G997,G1007,G1017,G1029,G1039,G1049,G1061,G1071,G1081,G1093,G1103,G1113,G1125,G1135,G1145)/(Ron!$L$2*3) -> 10
A6: G1F5 | B6: 10 | C6: 10 | D6: 10 | E6: 8 | F6: 10 | J6: 5 | K6: =SUM(B6,B16,B26,B38,B48,B58,B70,B80,B90,B102,B112,B122,B134,B144,B154,B166,B176,B186,B198,B208,B218,B230,B240,B250,B262,B272,B282,B294,B304,B314,B326,B336,B346,B358,B368,B378,B390,B400,B410,B422,B432,B442,B454,B464,B474,B486,B496,B506,B518,B528,B538,B550,B560,B570,B582,B592,B602,B614,B624,B634,B646,B656,B666,B678,B688,B698,B710,B720,B730,B742,B752,B762,B774,B784,B794,B806,B816,B826,B838,B848,B858,B870,B880,B890,B902,B912,B922,B934,B944,B954,B966,B976,B986,B998,B1008,B1018,B1030,B1040,B1050,B1062,B1072,B1082,B1094,B1104,B1114,B1126,B1136,B1146)/(Misc!$I$2*3) -> 10 | L6: =SUM(C6,C16,C26,C38,C48,C58,C70,C80,C90,C102,C112,C122,C134,C144,C154,C166,C176,C186,C198,C208,C218,C230,C240,C250,C262,C272,C282,C294,C304,C314,C326,C336,C346,C358,C368,C378,C390,C400,C410,C422,C432,C442,C454,C464,C474,C486,C496,C506,C518,C528,C538,C550,C560,C570,C582,C592,C602,C614,C624,C634,C646,C656,C666,C678,C688,C698,C710,C720,C730,C742,C752,C762,C774,C784,C794,C806,C816,C826,C838,C848,C858,C870,C880,C890,C902,C912,C922,C934,C944,C954,C966,C976,C986,C998,C1008,C1018,C1030,C1040,C1050,C1062,C1072,C1082,C1094,C1104,C1114,C1126,C1136,C1146)/(Misc!$I$3*3) -> 9.8888889 | M6: =SUM(D6,D16,D26,D38,D48,D58,D70,D80,D90,D102,D112,D122,D134,D144,D154,D166,D176,D186,D198,D208,D218,D230,D240,D250,D262,D272,D282,D294,D304,D314,D326,D336,D346,D358,D368,D378,D390,D400,D410,D422,D432,D442,D454,D464,D474,D486,D496,D506,D518,D528,D538,D550,D560,D570,D582,D592,D602,D614,D624,D634,D646,D656,D666,D678,D688,D698,D710,D720,D730,D742,D752,D762,D774,D784,D794,D806,D816,D826,D838,D848,D858,D870,D880,D890,D902,D912,D922,D934,D944,D954,D966,D976,D986,D998,D1008,D1018,D1030,D1040,D1050,D1062,D1072,D1082,D1094,D1104,D1114,D1126,D1136,D1146)/(Misc!$I$4*3) -> 9.8888889 | N6: =SUM(E6,E16,E26,E38,E48,E58,E70,E80,E90,E102,E112,E122,E134,E144,E154,E166,E176,E186,E198,E208,E218,E230,E240,E250,E262,E272,E282,E294,E304,E314,E326,E336,E346,E358,E368,E378,E390,E400,E410,E422,E432,E442,E454,E464,E474,E486,E496,E506,E518,E528,E538,E550,E560,E570,E582,E592,E602,E614,E624,E634,E646,E656,E666,E678,E688,E698,E710,E720,E730,E742,E752,E762,E774,E784,E794,E806,E816,E826,E838,E848,E858,E870,E880,E890,E902,E912,E922,E934,E944,E954,E966,E976,E986,E998,E1008,E1018,E1030,E1040,E1050,E1062,E1072,E1082,E1094,E1104,E1114,E1126,E1136,E1146)/(Misc!$I$5*3) -> 9.3333333 | O6: =SUM(F6,F16,F26,F38,F48,F58,F70,F80,F90,F102,F112,F122,F134,F144,F154,F166,F176,F186,F198,F208,F218,F230,F240,F250,F262,F272,F282,F294,F304,F314,F326,F336,F346,F358,F368,F378,F390,F400,F410,F422,F432,F442,F454,F464,F474,F486,F496,F506,F518,F528,F538,F550,F560,F570,F582,F592,F602,F614,F624,F634,F646,F656,F666,F678,F688,F698,F710,F720,F730,F742,F752,F762,F774,F784,F794,F806,F816,F826,F838,F848,F858,F870,F880,F890,F902,F912,F922,F934,F944,F954,F966,F976,F986,F998,F1008,F1018,F1030,F1040,F1050,F1062,F1072,F1082,F1094,F1104,F1114,F1126,F1136,F1146)/(Misc!$I$6*3) -> 9.5 | P6: =SUM(G6,G16,G26,G38,G48,G58,G70,G80,G90,G102,G112,G122,G134,G144,G154,G166,G176,G186,G198,G208,G218,G230,G240,G250,G262,G272,G282,G294,G304,G314,G326,G336,G346,G358,G368,G378,G390,G400,G410,G422,G432,G442,G454,G464,G474,G486,G496,G506,G518,G528,G538,G550,G560,G570,G582,G592,G602,G614,G624,G634,G646,G656,G666,G678,G688,G698,G710,G720,G730,G742,G752,G762,G774,G784,G794,G806,G816,G826,G838,G848,G858,G870,G880,G890,G902,G912,G922,G934,G944,G954,G966,G976,G986,G998,G1008,G1018,G1030,G1040,G1050,G1062,G1072,G1082,G1094,G1104,G1114,G1126,G1136,G1146)/(Ron!$L$2*3) -> 10
A7: G1F6 | B7: 10 | C7: 9 | D7: 10 | E7: 10 | F7: 10 | J7: 6 | K7: =SUM(B7,B17,B27,B39,B49,B59,B71,B81,B91,B103,B113,B123,B135,B145,B155,B167,B177,B187,B199,B209,B219,B231,B241,B251,B263,B273,B283,B295,B305,B315,B327,B337,B347,B359,B369,B379,B391,B401,B411,B423,B433,B443,B455,B465,B475,B487,B497,B507,B519,B529,B539,B551,B561,B571,B583,B593,B603,B615,B625,B635,B647,B657,B667,B679,B689,B699,B711,B721,B731,B743,B753,B763,B775,B785,B795,B807,B817,B827,B839,B849,B859,B871,B881,B891,B903,B913,B923,B935,B945,B955,B967,B977,B987,B999,B1009,B1019,B1031,B1041,B1051,B1063,B1073,B1083,B1095,B1105,B1115,B1127,B1137,B1147)/(Misc!$I$2*3) -> 9.6666667 | L7: =SUM(C7,C17,C27,C39,C49,C59,C71,C81,C91,C103,C113,C123,C135,C145,C155,C167,C177,C187,C199,C209,C219,C231,C241,C251,C263,C273,C283,C295,C305,C315,C327,C337,C347,C359,C369,C379,C391,C401,C411,C423,C433,C443,C455,C465,C475,C487,C497,C507,C519,C529,C539,C551,C561,C571,C583,C593,C603,C615,C625,C635,C647,C657,C667,C679,C689,C699,C711,C721,C731,C743,C753,C763,C775,C785,C795,C807,C817,C827,C839,C849,C859,C871,C881,C891,C903,C913,C923,C935,C945,C955,C967,C977,C987,C999,C1009,C1019,C1031,C1041,C1051,C1063,C1073,C1083,C1095,C1105,C1115,C1127,C1137,C1147)/(Misc!$I$3*3) -> 8.5555556 | M7: =SUM(D7,D17,D27,D39,D49,D59,D71,D81,D91,D103,D113,D123,D135,D145,D155,D167,D177,D187,D199,D209,D219,D231,D241,D251,D263,D273,D283,D295,D305,D315,D327,D337,D347,D359,D369,D379,D391,D401,D411,D423,D433,D443,D455,D465,D475,D487,D497,D507,D519,D529,D539,D551,D561,D571,D583,D593,D603,D615,D625,D635,D647,D657,D667,D679,D689,D699,D711,D721,D731,D743,D753,D763,D775,D785,D795,D807,D817,D827,D839,D849,D859,D871,D881,D891,D903,D913,D923,D935,D945,D955,D967,D977,D987,D999,D1009,D1019,D1031,D1041,D1051,D1063,D1073,D1083,D1095,D1105,D1115,D1127,D1137,D1147)/(Misc!$I$4*3) -> 9.6666667 | N7: =SUM(E7,E17,E27,E39,E49,E59,E71,E81,E91,E103,E113,E123,E135,E145,E155,E167,E177,E187,E199,E209,E219,E231,E241,E251,E263,E273,E283,E295,E305,E315,E327,E337,E347,E359,E369,E379,E391,E401,E411,E423,E433,E443,E455,E465,E475,E487,E497,E507,E519,E529,E539,E551,E561,E571,E583,E593,E603,E615,E625,E635,E647,E657,E667,E679,E689,E699,E711,E721,E731,E743,E753,E763,E775,E785,E795,E807,E817,E827,E839,E849,E859,E871,E881,E891,E903,E913,E923,E935,E945,E955,E967,E977,E987,E999,E1009,E1019,E1031,E1041,E1051,E1063,E1073,E1083,E1095,E1105,E1115,E1127,E1137,E1147)/(Misc!$I$5*3) -> 9.7777778 | O7: =SUM(F7,F17,F27,F39,F49,F59,F71,F81,F91,F103,F113,F123,F135,F145,F155,F167,F177,F187,F199,F209,F219,F231,F241,F251,F263,F273,F283,F295,F305,F315,F327,F337,F347,F359,F369,F379,F391,F401,F411,F423,F433,F443,F455,F465,F475,F487,F497,F507,F519,F529,F539,F551,F561,F571,F583,F593,F603,F615,F625,F635,F647,F657,F667,F679,F689,F699,F711,F721,F731,F743,F753,F763,F775,F785,F795,F807,F817,F827,F839,F849,F859,F871,F881,F891,F903,F913,F923,F935,F945,F955,F967,F977,F987,F999,F1009,F1019,F1031,F1041,F1051,F1063,F1073,F1083,F1095,F1105,F1115,F1127,F1137,F1147)/(Misc!$I$6*3) -> 9.3333333 | P7: =SUM(G7,G17,G27,G39,G49,G59,G71,G81,G91,G103,G113,G123,G135,G145,G155,G167,G177,G187,G199,G209,G219,G231,G241,G251,G263,G273,G283,G295,G305,G315,G327,G337,G347,G359,G369,G379,G391,G401,G411,G423,G433,G443,G455,G465,G475,G487,G497,G507,G519,G529,G539,G551,G561,G571,G583,G593,G603,G615,G625,G635,G647,G657,G667,G679,G689,G699,G711,G721,G731,G743,G753,G763,G775,G785,G795,G807,G817,G827,G839,G849,G859,G871,G881,G891,G903,G913,G923,G935,G945,G955,G967,G977,G987,G999,G1009,G1019,G1031,G1041,G1051,G1063,G1073,G1083,G1095,G1105,G1115,G1127,G1137,G1147)/(Ron!$L$2*3) -> 9.3333333
A8: G1F7 | B8: 10 | C8: 10 | D8: 10 | E8: 10 | F8: 10 | J8: 7 | K8: =SUM(B8,B18,B28,B40,B50,B60,B72,B82,B92,B104,B114,B124,B136,B146,B156,B168,B178,B188,B200,B210,B220,B232,B242,B252,B264,B274,B284,B296,B306,B316,B328,B338,B348,B360,B370,B380,B392,B402,B412,B424,B434,B444,B456,B466,B476,B488,B498,B508,B520,B530,B540,B552,B562,B572,B584,B594,B604,B616,B626,B636,B648,B658,B668,B680,B690,B700,B712,B722,B732,B744,B754,B764,B776,B786,B796,B808,B818,B828,B840,B850,B860,B872,B882,B892,B904,B914,B924,B936,B946,B956,B968,B978,B988,B1000,B1010,B1020,B1032,B1042,B1052,B1064,B1074,B1084,B1096,B1106,B1116,B1128,B1138,B1148)/(Misc!$I$2*3) -> 9.8333333 | L8: =SUM(C8,C18,C28,C40,C50,C60,C72,C82,C92,C104,C114,C124,C136,C146,C156,C168,C178,C188,C200,C210,C220,C232,C242,C252,C264,C274,C284,C296,C306,C316,C328,C338,C348,C360,C370,C380,C392,C402,C412,C424,C434,C444,C456,C466,C476,C488,C498,C508,C520,C530,C540,C552,C562,C572,C584,C594,C604,C616,C626,C636,C648,C658,C668,C680,C690,C700,C712,C722,C732,C744,C754,C764,C776,C786,C796,C808,C818,C828,C840,C850,C860,C872,C882,C892,C904,C914,C924,C936,C946,C956,C968,C978,C988,C1000,C1010,C1020,C1032,C1042,C1052,C1064,C1074,C1084,C1096,C1106,C1116,C1128,C1138,C1148)/(Misc!$I$3*3) -> 10 | M8: =SUM(D8,D18,D28,D40,D50,D60,D72,D82,D92,D104,D114,D124,D136,D146,D156,D168,D178,D188,D200,D210,D220,D232,D242,D252,D264,D274,D284,D296,D306,D316,D328,D338,D348,D360,D370,D380,D392,D402,D412,D424,D434,D444,D456,D466,D476,D488,D498,D508,D520,D530,D540,D552,D562,D572,D584,D594,D604,D616,D626,D636,D648,D658,D668,D680,D690,D700,D712,D722,D732,D744,D754,D764,D776,D786,D796,D808,D818,D828,D840,D850,D860,D872,D882,D892,D904,D914,D924,D936,D946,D956,D968,D978,D988,D1000,D1010,D1020,D1032,D1042,D1052,D1064,D1074,D1084,D1096,D1106,D1116,D1128,D1138,D1148)/(Misc!$I$4*3) -> 9.8888889 | N8: =SUM(E8,E18,E28,E40,E50,E60,E72,E82,E92,E104,E114,E124,E136,E146,E156,E168,E178,E188,E200,E210,E220,E232,E242,E252,E264,E274,E284,E296,E306,E316,E328,E338,E348,E360,E370,E380,E392,E402,E412,E424,E434,E444,E456,E466,E476,E488,E498,E508,E520,E530,E540,E552,E562,E572,E584,E594,E604,E616,E626,E636,E648,E658,E668,E680,E690,E700,E712,E722,E732,E744,E754,E764,E776,E786,E796,E808,E818,E828,E840,E850,E860,E872,E882,E892,E904,E914,E924,E936,E946,E956,E968,E978,E988,E1000,E1010,E1020,E1032,E1042,E1052,E1064,E1074,E1084,E1096,E1106,E1116,E1128,E1138,E1148)/(Misc!$I$5*3) -> 9.7777778 | O8: =SUM(F8,F18,F28,F40,F50,F60,F72,F82,F92,F104,F114,F124,F136,F146,F156,F168,F178,F188,F200,F210,F220,F232,F242,F252,F264,F274,F284,F296,F306,F316,F328,F338,F348,F360,F370,F380,F392,F402,F412,F424,F434,F444,F456,F466,F476,F488,F498,F508,F520,F530,F540,F552,F562,F572,F584,F594,F604,F616,F626,F636,F648,F658,F668,F680,F690,F700,F712,F722,F732,F744,F754,F764,F776,F786,F796,F808,F818,F828,F840,F850,F860,F872,F882,F892,F904,F914,F924,F936,F946,F956,F968,F978,F988,F1000,F1010,F1020,F1032,F1042,F1052,F1064,F1074,F1084,F1096,F1106,F1116,F1128,F1138,F1148)/(Misc!$I$6*3) -> 10 | P8: =SUM(G8,G18,G28,G40,G50,G60,G72,G82,G92,G104,G114,G124,G136,G146,G156,G168,G178,G188,G200,G210,G220,G232,G242,G252,G264,G274,G284,G296,G306,G316,G328,G338,G348,G360,G370,G380,G392,G402,G412,G424,G434,G444,G456,G466,G476,G488,G498,G508,G520,G530,G540,G552,G562,G572,G584,G594,G604,G616,G626,G636,G648,G658,G668,G680,G690,G700,G712,G722,G732,G744,G754,G764,G776,G786,G796,G808,G818,G828,G840,G850,G860,G872,G882,G892,G904,G914,G924,G936,G946,G956,G968,G978,G988,G1000,G1010,G1020,G1032,G1042,G1052,G1064,G1074,G1084,G1096,G1106,G1116,G1128,G1138,G1148)/(Ron!$L$2*3) -> 9.6666667
A9: G1F8 | B9: 10 | C9: 10 | D9: 10 | E9: 10 | F9: 10 | J9: 8 | K9: =SUM(B9,B19,B29,B41,B51,B61,B73,B83,B93,B105,B115,B125,B137,B147,B157,B169,B179,B189,B201,B211,B221,B233,B243,B253,B265,B275,B285,B297,B307,B317,B329,B339,B349,B361,B371,B381,B393,B403,B413,B425,B435,B445,B457,B467,B477,B489,B499,B509,B521,B531,B541,B553,B563,B573,B585,B595,B605,B617,B627,B637,B649,B659,B669,B681,B691,B701,B713,B723,B733,B745,B755,B765,B777,B787,B797,B809,B819,B829,B841,B851,B861,B873,B883,B893,B905,B915,B925,B937,B947,B957,B969,B979,B989,B1001,B1011,B1021,B1033,B1043,B1053,B1065,B1075,B1085,B1097,B1107,B1117,B1129,B1139,B1149)/(Misc!$I$2*3) -> 9.6666667 | L9: =SUM(C9,C19,C29,C41,C51,C61,C73,C83,C93,C105,C115,C125,C137,C147,C157,C169,C179,C189,C201,C211,C221,C233,C243,C253,C265,C275,C285,C297,C307,C317,C329,C339,C349,C361,C371,C381,C393,C403,C413,C425,C435,C445,C457,C467,C477,C489,C499,C509,C521,C531,C541,C553,C563,C573,C585,C595,C605,C617,C627,C637,C649,C659,C669,C681,C691,C701,C713,C723,C733,C745,C755,C765,C777,C787,C797,C809,C819,C829,C841,C851,C861,C873,C883,C893,C905,C915,C925,C937,C947,C957,C969,C979,C989,C1001,C1011,C1021,C1033,C1043,C1053,C1065,C1075,C1085,C1097,C1107,C1117,C1129,C1139,C1149)/(Misc!$I$3*3) -> 9.8888889 | M9: =SUM(D9,D19,D29,D41,D51,D61,D73,D83,D93,D105,D115,D125,D137,D147,D157,D169,D179,D189,D201,D211,D221,D233,D243,D253,D265,D275,D285,D297,D307,D317,D329,D339,D349,D361,D371,D381,D393,D403,D413,D425,D435,D445,D457,D467,D477,D489,D499,D509,D521,D531,D541,D553,D563,D573,D585,D595,D605,D617,D627,D637,D649,D659,D669,D681,D691,D701,D713,D723,D733,D745,D755,D765,D777,D787,D797,D809,D819,D829,D841,D851,D861,D873,D883,D893,D905,D915,D925,D937,D947,D957,D969,D979,D989,D1001,D1011,D1021,D1033,D1043,D1053,D1065,D1075,D1085,D1097,D1107,D1117,D1129,D1139,D1149)/(Misc!$I$4*3) -> 9.8888889 | N9: =SUM(E9,E19,E29,E41,E51,E61,E73,E83,E93,E105,E115,E125,E137,E147,E157,E169,E179,E189,E201,E211,E221,E233,E243,E253,E265,E275,E285,E297,E307,E317,E329,E339,E349,E361,E371,E381,E393,E403,E413,E425,E435,E445,E457,E467,E477,E489,E499,E509,E521,E531,E541,E553,E563,E573,E585,E595,E605,E617,E627,E637,E649,E659,E669,E681,E691,E701,E713,E723,E733,E745,E755,E765,E777,E787,E797,E809,E819,E829,E841,E851,E861,E873,E883,E893,E905,E915,E925,E937,E947,E957,E969,E979,E989,E1001,E1011,E1021,E1033,E1043,E1053,E1065,E1075,E1085,E1097,E1107,E1117,E1129,E1139,E1149)/(Misc!$I$5*3) -> 9.8888889 | O9: =SUM(F9,F19,F29,F41,F51,F61,F73,F83,F93,F105,F115,F125,F137,F147,F157,F169,F179,F189,F201,F211,F221,F233,F243,F253,F265,F275,F285,F297,F307,F317,F329,F339,F349,F361,F371,F381,F393,F403,F413,F425,F435,F445,F457,F467,F477,F489,F499,F509,F521,F531,F541,F553,F563,F573,F585,F595,F605,F617,F627,F637,F649,F659,F669,F681,F691,F701,F713,F723,F733,F745,F755,F765,F777,F787,F797,F809,F819,F829,F841,F851,F861,F873,F883,F893,F905,F915,F925,F937,F947,F957,F969,F979,F989,F1001,F1011,F1021,F1033,F1043,F1053,F1065,F1075,F1085,F1097,F1107,F1117,F1129,F1139,F1149)/(Misc!$I$6*3) -> 9 | P9: =SUM(G9,G19,G29,G41,G51,G61,G73,G83,G93,G105,G115,G125,G137,G147,G157,G169,G179,G189,G201,G211,G221,G233,G243,G253,G265,G275,G285,G297,G307,G317,G329,G339,G349,G361,G371,G381,G393,G403,G413,G425,G435,G445,G457,G467,G477,G489,G499,G509,G521,G531,G541,G553,G563,G573,G585,G595,G605,G617,G627,G637,G649,G659,G669,G681,G691,G701,G713,G723,G733,G745,G755,G765,G777,G787,G797,G809,G819,G829,G841,G851,G861,G873,G883,G893,G905,G915,G925,G937,G947,G957,G969,G979,G989,G1001,G1011,G1021,G1033,G1043,G1053,G1065,G1075,G1085,G1097,G1107,G1117,G1129,G1139,G1149)/(Ron!$L$2*3) -> 10
A10: G1F9 | B10: 10 | C10: 10 | D10: 10 | E10: 10 | F10: 10 | J10: 9 | K10: =SUM(B10,B20,B30,B42,B52,B62,B74,B84,B94,B106,B116,B126,B138,B148,B158,B170,B180,B190,B202,B212,B222,B234,B244,B254,B266,B276,B286,B298,B308,B318,B330,B340,B350,B362,B372,B382,B394,B404,B414,B426,B436,B446,B458,B468,B478,B490,B500,B510,B522,B532,B542,B554,B564,B574,B586,B596,B606,B618,B628,B638,B650,B660,B670,B682,B692,B702,B714,B724,B734,B746,B756,B766,B778,B788,B798,B810,B820,B830,B842,B852,B862,B874,B884,B894,B906,B916,B926,B938,B948,B958,B970,B980,B990,B1002,B1012,B1022,B1034,B1044,B1054,B1066,B1076,B1086,B1098,B1108,B1118,B1130,B1140,B1150)/(Misc!$I$2*3) -> 10 | L10: =SUM(C10,C20,C30,C42,C52,C62,C74,C84,C94,C106,C116,C126,C138,C148,C158,C170,C180,C190,C202,C212,C222,C234,C244,C254,C266,C276,C286,C298,C308,C318,C330,C340,C350,C362,C372,C382,C394,C404,C414,C426,C436,C446,C458,C468,C478,C490,C500,C510,C522,C532,C542,C554,C564,C574,C586,C596,C606,C618,C628,C638,C650,C660,C670,C682,C692,C702,C714,C724,C734,C746,C756,C766,C778,C788,C798,C810,C820,C830,C842,C852,C862,C874,C884,C894,C906,C916,C926,C938,C948,C958,C970,C980,C990,C1002,C1012,C1022,C1034,C1044,C1054,C1066,C1076,C1086,C1098,C1108,C1118,C1130,C1140,C1150)/(Misc!$I$3*3) -> 10 | M10: =SUM(D10,D20,D30,D42,D52,D62,D74,D84,D94,D106,D116,D126,D138,D148,D158,D170,D180,D190,D202,D212,D222,D234,D244,D254,D266,D276,D286,D298,D308,D318,D330,D340,D350,D362,D372,D382,D394,D404,D414,D426,D436,D446,D458,D468,D478,D490,D500,D510,D522,D532,D542,D554,D564,D574,D586,D596,D606,D618,D628,D638,D650,D660,D670,D682,D692,D702,D714,D724,D734,D746,D756,D766,D778,D788,D798,D810,D820,D830,D842,D852,D862,D874,D884,D894,D906,D916,D926,D938,D948,D958,D970,D980,D990,D1002,D1012,D1022,D1034,D1044,D1054,D1066,D1076,D1086,D1098,D1108,D1118,D1130,D1140,D1150)/(Misc!$I$4*3) -> 9.6666667 | N10: =SUM(E10,E20,E30,E42,E52,E62,E74,E84,E94,E106,E116,E126,E138,E148,E158,E170,E180,E190,E202,E212,E222,E234,E244,E254,E266,E276,E286,E298,E308,E318,E330,E340,E350,E362,E372,E382,E394,E404,E414,E426,E436,E446,E458,E468,E478,E490,E500,E510,E522,E532,E542,E554,E564,E574,E586,E596,E606,E618,E628,E638,E650,E660,E670,E682,E692,E702,E714,E724,E734,E746,E756,E766,E778,E788,E798,E810,E820,E830,E842,E852,E862,E874,E884,E894,E906,E916,E926,E938,E948,E958,E970,E980,E990,E1002,E1012,E1022,E1034,E1044,E1054,E1066,E1076,E1086,E1098,E1108,E1118,E1130,E1140,E1150)/(Misc!$I$5*3) -> 9.6666667 | O10: =SUM(F10,F20,F30,F42,F52,F62,F74,F84,F94,F106,F116,F126,F138,F148,F158,F170,F180,F190,F202,F212,F222,F234,F244,F254,F266,F276,F286,F298,F308,F318,F330,F340,F350,F362,F372,F382,F394,F404,F414,F426,F436,F446,F458,F468,F478,F490,F500,F510,F522,F532,F542,F554,F564,F574,F586,F596,F606,F618,F628,F638,F650,F660,F670,F682,F692,F702,F714,F724,F734,F746,F756,F766,F778,F788,F798,F810,F820,F830,F842,F852,F862,F874,F884,F894,F906,F916,F926,F938,F948,F958,F970,F980,F990,F1002,F1012,F1022,F1034,F1044,F1054,F1066,F1076,F1086,F1098,F1108,F1118,F1130,F1140,F1150)/(Misc!$I$6*3) -> 9.5 | P10: =SUM(G10,G20,G30,G42,G52,G62,G74,G84,G94,G106,G116,G126,G138,G148,G158,G170,G180,G190,G202,G212,G222,G234,G244,G254,G266,G276,G286,G298,G308,G318,G330,G340,G350,G362,G372,G382,G394,G404,G414,G426,G436,G446,G458,G468,G478,G490,G500,G510,G522,G532,G542,G554,G564,G574,G586,G596,G606,G618,G628,G638,G650,G660,G670,G682,G692,G702,G714,G724,G734,G746,G756,G766,G778,G788,G798,G810,G820,G830,G842,G852,G862,G874,G884,G894,G906,G916,G926,G938,G948,G958,G970,G980,G990,G1002,G1012,G1022,G1034,G1044,G1054,G1066,G1076,G1086,G1098,G1108,G1118,G1130,G1140,G1150)/(Ron!$L$2*3) -> 10
A11: G1F10 | B11: 19 | C11: 20 | D11: 16 | E11: 8 | F11: 20 | J11: 10 | K11: =SUM(B11,B21,B31,B43,B53,B63,B75,B85,B95,B107,B117,B127,B139,B149,B159,B171,B181,B191,B203,B213,B223,B235,B245,B255,B267,B277,B287,B299,B309,B319,B331,B341,B351,B363,B373,B383,B395,B405,B415,B427,B437,B447,B459,B469,B479,B491,B501,B511,B523,B533,B543,B555,B565,B575,B587,B597,B607,B619,B629,B639,B651,B661,B671,B683,B693,B703,B715,B725,B735,B747,B757,B767,B779,B789,B799,B811,B821,B831,B843,B853,B863,B875,B885,B895,B907,B917,B927,B939,B949,B959,B971,B981,B991,B1003,B1013,B1023,B1035,B1045,B1055,B1067,B1077,B1087,B1099,B1109,B1119,B1131,B1141,B1151)/(Misc!$I$2*3) -> 21.166667 | L11: =SUM(C11,C21,C31,C43,C53,C63,C75,C85,C95,C107,C117,C127,C139,C149,C159,C171,C181,C191,C203,C213,C223,C235,C245,C255,C267,C277,C287,C299,C309,C319,C331,C341,C351,C363,C373,C383,C395,C405,C415,C427,C437,C447,C459,C469,C479,C491,C501,C511,C523,C533,C543,C555,C565,C575,C587,C597,C607,C619,C629,C639,C651,C661,C671,C683,C693,C703,C715,C725,C735,C747,C757,C767,C779,C789,C799,C811,C821,C831,C843,C853,C863,C875,C885,C895,C907,C917,C927,C939,C949,C959,C971,C981,C991,C1003,C1013,C1023,C1035,C1045,C1055,C1067,C1077,C1087,C1099,C1109,C1119,C1131,C1141,C1151)/(Misc!$I$3*3) -> 20.333333 | M11: =SUM(D11,D21,D31,D43,D53,D63,D75,D85,D95,D107,D117,D127,D139,D149,D159,D171,D181,D191,D203,D213,D223,D235,D245,D255,D267,D277,D287,D299,D309,D319,D331,D341,D351,D363,D373,D383,D395,D405,D415,D427,D437,D447,D459,D469,D479,D491,D501,D511,D523,D533,D543,D555,D565,D575,D587,D597,D607,D619,D629,D639,D651,D661,D671,D683,D693,D703,D715,D725,D735,D747,D757,D767,D779,D789,D799,D811,D821,D831,D843,D853,D863,D875,D885,D895,D907,D917,D927,D939,D949,D959,D971,D981,D991,D1003,D1013,D1023,D1035,D1045,D1055,D1067,D1077,D1087,D1099,D1109,D1119,D1131,D1141,D1151)/(Misc!$I$4*3) -> 21.222222 | N11: =SUM(E11,E21,E31,E43,E53,E63,E75,E85,E95,E107,E117,E127,E139,E149,E159,E171,E181,E191,E203,E213,E223,E235,E245,E255,E267,E277,E287,E299,E309,E319,E331,E341,E351,E363,E373,E383,E395,E405,E415,E427,E437,E447,E459,E469,E479,E491,E501,E511,E523,E533,E543,E555,E565,E575,E587,E597,E607,E619,E629,E639,E651,E661,E671,E683,E693,E703,E715,E725,E735,E747,E757,E767,E779,E789,E799,E811,E821,E831,E843,E853,E863,E875,E885,E895,E907,E917,E927,E939,E949,E959,E971,E981,E991,E1003,E1013,E1023,E1035,E1045,E1055,E1067,E1077,E1087,E1099,E1109,E1119,E1131,E1141,E1151)/(Misc!$I$5*3) -> 20.222222 | O11: =SUM(F11,F21,F31,F43,F53,F63,F75,F85,F95,F107,F117,F127,F139,F149,F159,F171,F181,F191,F203,F213,F223,F235,F245,F255,F267,F277,F287,F299,F309,F319,F331,F341,F351,F363,F373,F383,F395,F405,F415,F427,F437,F447,F459,F469,F479,F491,F501,F511,F523,F533,F543,F555,F565,F575,F587,F597,F607,F619,F629,F639,F651,F661,F671,F683,F693,F703,F715,F725,F735,F747,F757,F767,F779,F789,F799,F811,F821,F831,F843,F853,F863,F875,F885,F895,F907,F917,F927,F939,F949,F959,F971,F981,F991,F1003,F1013,F1023,F1035,F1045,F1055,F1067,F1077,F1087,F1099,F1109,F1119,F1131,F1141,F1151)/(Misc!$I$6*3) -> 22.666667 | P11: =SUM(G11,G21,G31,G43,G53,G63,G75,G85,G95,G107,G117,G127,G139,G149,G159,G171,G181,G191,G203,G213,G223,G235,G245,G255,G267,G277,G287,G299,G309,G319,G331,G341,G351,G363,G373,G383,G395,G405,G415,G427,G437,G447,G459,G469,G479,G491,G501,G511,G523,G533,G543,G555,G565,G575,G587,G597,G607,G619,G629,G639,G651,G661,G671,G683,G693,G703,G715,G725,G735,G747,G757,G767,G779,G789,G799,G811,G821,G831,G843,G853,G863,G875,G885,G895,G907,G917,G927,G939,G949,G959,G971,G981,G991,G1003,G1013,G1023,G1035,G1045,G1055,G1067,G1077,G1087,G1099,G1109,G1119,G1131,G1141,G1151)/(Ron!$L$2*3) -> 16
A12: G2F1 | B12: 10 | C12: 10 | D12: 7 | E12: 10 | F12: 10
A13: G2F2 | B13: 10 | C13: 10 | D13: 10 | E13: 10 | F13: 9
A14: G2F3 | B14: 10 | C14: 10 | D14: 10 | E14: 10 | F14: 10
A15: G2F4 | B15: 10 | C15: 10 | D15: 10 | E15: 10 | F15: 10
A16: G2F5 | B16: 10 | C16: 10 | D16: 10 | E16: 10 | F16: 8 | J16: Bowler | K16: Frame 1 | L16: Frame 2 | M16: Frame 3 | N16: Frame 4 | O16: Frame 5 | P16: Frame 6 | Q16: Frame 7 | R16: Frame 8 | S16: Frame 9 | T16: Frame 10
A17: G2F6 | B17: 9 | C17: 10 | D17: 10 | E17: 10 | F17: 8 | J17: John | K17: =K2 -> 9.8333333 | L17: =K3 -> 9.6666667 | M17: =K4 -> 10 | N17: =K5 -> 9.8333333 | O17: =K6 -> 10 | P17: =K7 -> 9.6666667 | Q17: =K8 -> 9.8333333 | R17: =K9 -> 9.6666667 | S17: =K10 -> 10 | T17: =K11 -> 21.166667
A18: G2F7 | B18: 10 | C18: 10 | D18: 10 | E18: 10 | F18: 10 | J18: Nick | K18: =L2 -> 10 | L18: =L3 -> 9.8888889 | M18: =L4 -> 9.8888889 | N18: =L5 -> 9.8888889 | O18: =L6 -> 9.8888889 | P18: =L7 -> 8.5555556 | Q18: =L8 -> 10 | R18: =L9 -> 9.8888889 | S18: =L10 -> 10 | T18: =L11 -> 20.333333
A19: G2F8 | B19: 10 | C19: 10 | D19: 9 | E19: 10 | F19: 8 | J19: Mike | K19: =M2 -> 9.5555556 | L19: =M3 -> 9.8888889 | M19: =M4 -> 10 | N19: =M5 -> 10 | O19: =M6 -> 9.8888889 | P19: =M7 -> 9.6666667 | Q19: =M8 -> 9.8888889 | R19: =M9 -> 9.8888889 | S19: =M10 -> 9.6666667 | T19: =M11 -> 21.222222
A20: G2F9 | B20: 10 | C20: 10 | D20: 10 | E20: 10 | F20: 10 | J20: Eric | K20: =N2 -> 9.8888889 | L20: =N3 -> 9.7777778 | M20: =N4 -> 9.7777778 | N20: =N5 -> 9.5555556 | O20: =N6 -> 9.3333333 | P20: =N7 -> 9.7777778 | Q20: =N8 -> 9.7777778 | R20: =N9 -> 9.8888889 | S20: =N10 -> 9.6666667 | T20: =N11 -> 20.222222
A21: G2F10 | B21: 19 | C21: 20 | D21: 8 | E21: 30 | F21: 20 | J21: Greenman | K21: =O2 -> 9.8333333 | L21: =O3 -> 9.1666667 | M21: =O4 -> 9.6666667 | N21: =O5 -> 10 | O21: =O6 -> 9.5 | P21: =O7 -> 9.3333333 | Q21: =O8 -> 10 | R21: =O9 -> 9 | S21: =O10 -> 9.5 | T21: =O11 -> 22.666667
A22: G3F1 | B22: 10 | C22: 10 | D22: 10 | E22: 10 | F22: 10 | J22: Ron | K22: =P2 -> 9.3333333 | L22: =P3 -> 10 | M22: =P4 -> 9.3333333 | N22: =P5 -> 10 | O22: =P6 -> 10 | P22: =P7 -> 9.3333333 | Q22: =P8 -> 9.6666667 | R22: =P9 -> 10 | S22: =P10 -> 10 | T22: =P11 -> 16
A23: G3F2 | B23: 10 | C23: 10 | D23: 9 | E23: 10 | F23: 10
A24: G3F3 | B24: 10 | C24: 10 | D24: 10 | E24: 9 | F24: 9
A25: G3F4 | B25: 10 | C25: 10 | D25: 10 | E25: 10 | F25: 10
A26: G3F5 | B26: 10 | C26: 10 | D26: 9 | E26: 10 | F26: 10
A27: G3F6 | B27: 10 | C27: 10 | D27: 9 | E27: 10 | F27: 10
A28: G3F7 | B28: 10 | C28: 10 | D28: 9 | E28: 10 | F28: 10
A29: G3F8 | B29: 10 | C29: 9 | D29: 10 | E29: 10 | F29: 10
A30: G3F9 | B30: 10 | C30: 10 | D30: 10 | E30: 9 | F30: 10
A31: G3F10 | B31: 19 | C31: 17 | D31: 28 | E31: 20 | F31: 19
A33: Week 2 | B33: John | C33: Nick | D33: Mike | E33: Eric | F33: Greenman | G33: Ron
A34: G1F1 | B34: 10 | C34: 10 | D34: 9 | E34: 10 | F34: 10
A35: G1F2 | B35: 10 | C35: 10 | D35: 10 | E35: 10 | F35: 8
A36: G1F3 | B36: 10 | C36: 9 | D36: 10 | E36: 10 | F36: 9
A37: G1F4 | B37: 10 | C37: 10 | D37: 10 | E37: 10 | F37: 10
A38: G1F5 | B38: 10 | C38: 10 | D38: 10 | E38: 9 | F38: 10
A39: G1F6 | B39: 10 | C39: 10 | D39: 10 | E39: 10 | F39: 9
A40: G1F7 | B40: 9 | C40: 10 | D40: 10 | E40: 10 | F40: 10
A41: G1F8 | B41: 10 | C41: 10 | D41: 10 | E41: 10 | F41: 9
A42: G1F9 | B42: 10 | C42: 10 | D42: 10 | E42: 10 | F42: 7
A43: G1F10 | B43: 20 | C43: 20 | D43: 19 | E43: 30 | F43: 27
A44: G2F1 | B44: 10 | C44: 10 | D44: 10 | E44: 10 | F44: 9
A45: G2F2 | B45: 10 | C45: 10 | D45: 10 | E45: 10 | F45: 9
... A63: G3F10 | B63: 30 | C63: 30 | D63: 30 | E63: 29 | F63: 30
A64: Week 21 Game 3
A65: Week 3 | B65: John | C65: Nick | D65: Mike | E65: Eric | F65: Greenman | G65: Ron
A66: G1F1 | C66: 10 | D66: 10 | E66: 10 | G66: 8
A67: G1F2 | C67: 10 | D67: 10 | E67: 10 | G67: 10
A68: G1F3 | C68: 10 | D68: 10 | E68: 10 | G68: 8
A69: G1F4 | C69: 10 | D69: 10 | E69: 10 | G69: 10
A70: G1F5 | C70: 10 | D70: 10 | E70: 10 | G70: 10
A71: G1F6 | C71: 8 | D71: 10 | E71: 9 | G71: 9
A72: G1F7 | C72: 10 | D72: 10 | E72: 9 | G72: 10
A73: G1F8 | C73: 10 | D73: 10 | E73: 10 | G73: 10
A74: G1F9 | C74: 10 | D74: 9 | E74: 10 | G74: 10
A75: G1F10 | C75: 18 | D75: 20 | E75: 18 | G75: 20
A76: G2F1 | C76: 10 | D76: 10 | E76: 9 | G76: 10
A77: G2F2 | C77: 10 | D77: 10 | E77: 8 | G77: 10
... A80: G2F5 | C80: 10 | D80: 10 | E80: 10 | G80: 10
A81: G2F6 | C81: 8 | D81: 9 | E81: 10 | G81: 10
A82: G2F7 | C82: 10 | D82: 10 | E82: 9 | G82: 10
A83: G2F8 | C83: 10 | D83: 10 | E83: 9 | G83: 10
A84: G2F9 | C84: 10 | D84: 10 | E84: 10 | G84: 10
A85: G2F10 | C85: 18 | D85: 20 | E85: 8 | G85: 9
A86: G3F1 | C86: 10 | D86: 10 | E86: 10 | G86: 10
A87: G3F2 | C87: 10 | D87: 10 | E87: 10 | G87: 10
A88: G3F3 | C88: 10 | D88: 10 | E88: 10 | G88: 10
A89: G3F4 | C89: 9 | D89: 10 | E89: 10 | G89: 10
A90: G3F5 | C90: 10 | D90: 10 | E90: 9 | G90: 10
A91: G3F6 | C91: 10 | D91: 9 | E91: 10 | G91: 9
A92: G3F7 | C92: 10 | D92: 10 | E92: 10 | G92: 9
A93: G3F8 | C93: 10 | D93: 10 | E93: 10 | G93: 10
... A95: G3F10 | C95: 20 | D95: 30 | E95: 30 | G95: 19
A96: Week 32 Game 2
A97: Week 4 | B97: John | C97: Nick | D97: Mike | E97: Eric | F97: Greenman | G97: Ron
A98: G1F1
A99: G1F2
A100: G1F3
A101: G1F4
A102: G1F5
A103: G1F6
A104: G1F7
A105: G1F8
A106: G1F9
A107: G1F10
A108: G2F1
A109: G2F2
... A127: G3F10
A129: Week 5 | B129: John | C129: Nick | D129: Mike | E129: Eric | F129: Greenman | G129: Ron
A130: G1F1
A131: G1F2
A132: G1F3
A133: G1F4
A134: G1F5
A135: G1F6
A136: G1F7
A137: G1F8
A138: G1F9
A139: G1F10
...

Sheet LEFT RIGHT Stats
A1: SIDE | B1: John | C1: Nick | D1: Mike | E1: Eric | F1: Greenman | G1: Ron | J1: SIDE | K1: John | L1: Nick | M1: Mike | N1: Eric | O1: Greenman | P1: Ron
A2: LEFT | B2: 10 | C2: 10 | D2: 10 | E2: 10 | F2: 10 | J2: LEFT | K2: =DAVERAGE(A1:G95,"JOHN",J1:J2) -> 9.85 | L2: =DAVERAGE(A1:G95,"NICK",J1:J2) -> 9.9111111 | M2: =DAVERAGE(A1:G95,"MIKE",J1:J2) -> 9.7888889 | N2: =DAVERAGE(A1:G95,"ERIC",J1:J2) -> 9.637037 | O2: =DAVERAGE(A1:G95,"GREENMAN",J1:J2) -> 9.3555556 | P2: =DAVERAGE(A1:G95,"RON",J1:J2) -> 9.6
A3: RIGHT | B3: 10 | C3: 10 | D3: 10 | E3: 10 | F3: 10 | J3: SIDE
A4: LEFT | B4: 10 | C4: 10 | D4: 10 | E4: 10 | F4: 10 | J4: RIGHT | K4: =DAVERAGE(A1:G95,"JOHN",J3:J4) -> 9.8 | L4: =DAVERAGE(A1:G95,"NICK",J3:J4) -> 9.7888889 | M4: =DAVERAGE(A1:G95,"MIKE",J3:J4) -> 9.7851852 | N4: =DAVERAGE(A1:G95,"ERIC",J3:J4) -> 9.7111111 | O4: =DAVERAGE(A1:G95,"GREENMAN",J3:J4) -> 9.6833333 | P4: =DAVERAGE(A1:G95,"RON",J3:J4) -> 9.8333333
A5: RIGHT | B5: 10 | C5: 10 | D5: 10 | E5: 9 | F5: 10
A6: LEFT | B6: 10 | C6: 10 | D6: 10 | E6: 8 | F6: 10
A7: RIGHT | B7: 10 | C7: 9 | D7: 10 | E7: 10 | F7: 10
A8: LEFT | B8: 10 | C8: 10 | D8: 10 | E8: 10 | F8: 10
A9: RIGHT | B9: 10 | C9: 10 | D9: 10 | E9: 10 | F9: 10
A10: LEFT | B10: 10 | C10: 10 | D10: 10 | E10: 10 | F10: 10
A11: RIGHT | B11: =19/2 -> 9.5 | C11: =20/2 -> 10 | D11: =16/2 -> 8 | E11: 8 | F11: =20/2 -> 10
A12: RIGHT | B12: 10 | C12: 10 | D12: 7 | E12: 10 | F12: 10
A13: LEFT | B13: 10 | C13: 10 | D13: 10 | E13: 10 | F13: 9
A14: RIGHT | B14: 10 | C14: 10 | D14: 10 | E14: 10 | F14: 10
A15: LEFT | B15: 10 | C15: 10 | D15: 10 | E15: 10 | F15: 10
A16: RIGHT | B16: 10 | C16: 10 | D16: 10 | E16: 10 | F16: 8
A17: LEFT | B17: 9 | C17: 10 | D17: 10 | E17: 10 | F17: 8
A18: RIGHT | B18: 10 | C18: 10 | D18: 10 | E18: 10 | F18: 10
A19: LEFT | B19: 10 | C19: 10 | D19: 9 | E19: 10 | F19: 8
A20: RIGHT | B20: 10 | C20: 10 | D20: 10 | E20: 10 | F20: 10
A21: LEFT | B21: =19/2 -> 9.5 | C21: =20/2 -> 10 | D21: 8 | E21: =30/3 -> 10 | F21: =20/3 -> 6.6666667
A22: LEFT | B22: 10 | C22: 10 | D22: 10 | E22: 10 | F22: 10
A23: RIGHT | B23: 10 | C23: 10 | D23: 9 | E23: 10 | F23: 10
A24: LEFT | B24: 10 | C24: 10 | D24: 10 | E24: 9 | F24: 9
A25: RIGHT | B25: 10 | C25: 10 | D25: 10 | E25: 10 | F25: 10
A26: LEFT | B26: 10 | C26: 10 | D26: 9 | E26: 10 | F26: 10
A27: RIGHT | B27: 10 | C27: 10 | D27: 9 | E27: 10 | F27: 10
A28: LEFT | B28: 10 | C28: 10 | D28: 9 | E28: 10 | F28: 10
A29: RIGHT | B29: 10 | C29: 9 | D29: 10 | E29: 10 | F29: 10
A30: LEFT | B30: 10 | C30: 10 | D30: 10 | E30: 9 | F30: 10
A31: RIGHT | B31: =19/2 -> 9.5 | C31: =17/2 -> 8.5 | D31: =28/3 -> 9.3333333 | E31: =20/2 -> 10 | F31: =19/2 -> 9.5
A33: SIDE | B33: John | C33: Nick | D33: Mike | E33: Eric | F33: Greenman | G33: Ron
A34: RIGHT | B34: 10 | C34: 10 | D34: 9 | E34: 10 | F34: 10
A35: LEFT | B35: 10 | C35: 10 | D35: 10 | E35: 10 | F35: 8
A36: RIGHT | B36: 10 | C36: 9 | D36: 10 | E36: 10 | F36: 9
A37: LEFT | B37: 10 | C37: 10 | D37: 10 | E37: 10 | F37: 10
A38: RIGHT | B38: 10 | C38: 10 | D38: 10 | E38: 9 | F38: 10
A39: LEFT | B39: 10 | C39: 10 | D39: 10 | E39: 10 | F39: 9
A40: RIGHT | B40: 9 | C40: 10 | D40: 10 | E40: 10 | F40: 10
A41: LEFT | B41: 10 | C41: 10 | D41: 10 | E41: 10 | F41: 9
A42: RIGHT | B42: 10 | C42: 10 | D42: 10 | E42: 10 | F42: 7
A43: LEFT | B43: =20/2 -> 10 | C43: =20/2 -> 10 | D43: =19/2 -> 9.5 | E43: =30/3 -> 10 | F43: =27/3 -> 9
A44: LEFT | B44: 10 | C44: 10 | D44: 10 | E44: 10 | F44: 9
A45: RIGHT | B45: 10 | C45: 10 | D45: 10 | E45: 10 | F45: 9
A46: LEFT | B46: 10 | C46: 10 | D46: 10 | E46: 10 | F46: 10
A47: RIGHT | B47: 10 | C47: 10 | D47: 10 | E47: 9 | F47: 10
A48: LEFT | B48: 10 | C48: 10 | D48: 10 | E48: 8 | F48: 10
A49: RIGHT | B49: 9 | C49: 10 | D49: 10 | E49: 9 | F49: 9
A50: LEFT | B50: 10 | C50: 10 | D50: 10 | E50: 10 | F50: 10
A51: RIGHT | B51: 8 | C51: 10 | D51: 10 | E51: 10 | F51: 10
A52: LEFT | B52: 10 | C52: 10 | D52: 10 | E52: 10 | F52: 10
A53: RIGHT | B53: =20/2 -> 10 | C53: =20/2 -> 10 | D53: =20/2 -> 10 | E53: 9 | F53: =20/2 -> 10
A54: RIGHT | B54: 9 | C54: 10 | D54: 10 | E54: 10 | F54: 10
A55: LEFT | B55: 8 | C55: 9 | D55: 10 | E55: 10 | F55: 9
A56: RIGHT | B56: 10 | C56: 10 | D56: 10 | E56: 9 | F56: 10
A57: LEFT | B57: 9 | C57: 10 | D57: 10 | E57: 8 | F57: 10
A58: RIGHT | B58: 10 | C58: 9 | D58: 10 | E58: 10 | F58: 9
A59: LEFT | B59: 10 | C59: 10 | D59: 10 | E59: 10 | F59: 10
A60: RIGHT | B60: 10 | C60: 10 | D60: 10 | E60: 10 | F60: 10
A61: LEFT | B61: 10 | C61: 10 | D61: 10 | E61: 10 | F61: 7
A62: RIGHT | B62: 10 | C62: 10 | D62: 10 | E62: 9 | F62: 10
A63: LEFT | B63: =30/3 -> 10 | C63: =30/3 -> 10 | D63: =30/3 -> 10 | E63: =29/3 -> 9.6666667 | F63: =30/3 -> 10
A64: Week 21 Game 3
A65: Week 3 | B65: John | C65: Nick | D65: Mike | E65: Eric | F65: Greenman | G65: Ron
A66: LEFT | C66: 10 | D66: 10 | E66: 10 | G66: 8
A67: RIGHT | C67: 10 | D67: 10 | E67: 10 | G67: 10
A68: LEFT | C68: 10 | D68: 10 | E68: 10 | G68: 8
A69: RIGHT | C69: 10 | D69: 10 | E69: 10 | G69: 10
A70: LEFT | C70: 10 | D70: 10 | E70: 10 | G70: 10
A71: RIGHT | C71: 8 | D71: 10 | E71: 9 | G71: 9
A72: LEFT | C72: 10 | D72: 10 | E72: 9 | G72: 10
A73: RIGHT | C73: 10 | D73: 10 | E73: 10 | G73: 10
A74: LEFT | C74: 10 | D74: 9 | E74: 10 | G74: 10
A75: RIGHT | C75: 9 | D75: 10 | E75: 9 | G75: 10
A76: RIGHT | C76: 10 | D76: 10 | E76: 9 | G76: 10
A77: LEFT | C77: 10 | D77: 10 | E77: 8 | G77: 10
... A95: RIGHT | C95: 10 | D95: 10 | E95: 10 | G95: 9.5
A96: Week 32 Game 2
A97: Week 4 | B97: John | C97: Nick | D97: Mike | E97: Eric | F97: Greenman | G97: Ron
A98: G1F1
A99: G1F2
A100: G1F3
A101: G1F4
A102: G1F5
A103: G1F6
A104: G1F7
A105: G1F8
A106: G1F9
A107: G1F10
A108: G2F1
A109: G2F2
... A127: G3F10
A129: Week 5 | B129: John | C129: Nick | D129: Mike | E129: Eric | F129: Greenman | G129: Ron
A130: G1F1
A131: G1F2
A132: G1F3
A133: G1F4
A134: G1F5
A135: G1F6
A136: G1F7
...

Sheet Lane Stats
A1: LANE | B1: John | C1: Nick | D1: Mike | E1: Eric | F1: Greenman | G1: Ron | J1: LANE | K1: John | L1: Nick | M1: Mike | N1: Eric | O1: Greenman | P1: Ron
A2: 25 | B2: 10 | C2: 10 | D2: 10 | E2: 10 | F2: 10 | J2: 7 | K2: =DAVERAGE($A$1:$G$1151,"JOHN",J1:J2) -> #DIV/0! | L2: =DAVERAGE($A$1:$G$1151,"NICK",J1:J2) -> #DIV/0! | M2: =DAVERAGE($A$1:$G$1151,"MIKE",J1:J2) -> #DIV/0! | N2: =DAVERAGE($A$1:$G$1151,"ERIC",J1:J2) -> #DIV/0! | O2: =DAVERAGE($A$1:$G$1151,"GREENMAN",J1:J2) -> #DIV/0! | P2: =DAVERAGE($A$1:$G$1151,"RON",J1:J2) -> #DIV/0!
A3: 26 | B3: 10 | C3: 10 | D3: 10 | E3: 10 | F3: 10 | J3: LANE
A4: 25 | B4: 10 | C4: 10 | D4: 10 | E4: 10 | F4: 10 | J4: 8 | K4: =DAVERAGE($A$1:$G$1151,"JOHN",J3:J4) -> #DIV/0! | L4: =DAVERAGE($A$1:$G$1151,"NICK",J3:J4) -> #DIV/0! | M4: =DAVERAGE($A$1:$G$1151,"MIKE",J3:J4) -> #DIV/0! | N4: =DAVERAGE($A$1:$G$1151,"ERIC",J3:J4) -> #DIV/0! | O4: =DAVERAGE($A$1:$G$1151,"GREENMAN",J3:J4) -> #DIV/0! | P4: =DAVERAGE($A$1:$G$1151,"RON",J3:J4) -> #DIV/0!
A5: 26 | B5: 10 | C5: 10 | D5: 10 | E5: 9 | F5: 10 | J5: LANE
A6: 25 | B6: 10 | C6: 10 | D6: 10 | E6: 8 | F6: 10 | J6: 9 | K6: =DAVERAGE($A$1:$G$1151,"JOHN",J5:J6) -> #DIV/0! | L6: =DAVERAGE($A$1:$G$1151,"NICK",J5:J6) -> #DIV/0! | M6: =DAVERAGE($A$1:$G$1151,"MIKE",J5:J6) -> #DIV/0! | N6: =DAVERAGE($A$1:$G$1151,"ERIC",J5:J6) -> #DIV/0! | O6: =DAVERAGE($A$1:$G$1151,"GREENMAN",J5:J6) -> #DIV/0! | P6: =DAVERAGE($A$1:$G$1151,"RON",J5:J6) -> #DIV/0!
A7: 26 | B7: 10 | C7: 9 | D7: 10 | E7: 10 | F7: 10 | J7: LANE
A8: 25 | B8: 10 | C8: 10 | D8: 10 | E8: 10 | F8: 10 | J8: 10 | K8: =DAVERAGE($A$1:$G$1151,"JOHN",J7:J8) -> #DIV/0! | L8: =DAVERAGE($A$1:$G$1151,"NICK",J7:J8) -> #DIV/0! | M8: =DAVERAGE($A$1:$G$1151,"MIKE",J7:J8) -> #DIV/0! | N8: =DAVERAGE($A$1:$G$1151,"ERIC",J7:J8) -> #DIV/0! | O8: =DAVERAGE($A$1:$G$1151,"GREENMAN",J7:J8) -> #DIV/0! | P8: =DAVERAGE($A$1:$G$1151,"RON",J7:J8) -> #DIV/0!
A9: 26 | B9: 10 | C9: 10 | D9: 10 | E9: 10 | F9: 10 | J9: LANE
A10: 25 | B10: 10 | C10: 10 | D10: 10 | E10: 10 | F10: 10 | J10: 11 | K10: =DAVERAGE($A$1:$G$1151,"JOHN",J9:J10) -> 9.8 | L10: =DAVERAGE($A$1:$G$1151,"NICK",J9:J10) -> 9.9333333 | M10: =DAVERAGE($A$1:$G$1151,"MIKE",J9:J10) -> 9.9666667 | N10: =DAVERAGE($A$1:$G$1151,"ERIC",J9:J10) -> 9.7111111 | O10: =DAVERAGE($A$1:$G$1151,"GREENMAN",J9:J10) -> 9.3333333 | P10: =DAVERAGE($A$1:$G$1151,"RON",J9:J10) -> #DIV/0!
A11: 26 | B11: =19/2 -> 9.5 | C11: =20/2 -> 10 | D11: =16/2 -> 8 | E11: 8 | F11: =20/2 -> 10 | J11: LANE
A12: 26 | B12: 10 | C12: 10 | D12: 7 | E12: 10 | F12: 10 | J12: 12 | K12: =DAVERAGE($A$1:$G$1151,"JOHN",J11:J12) -> 9.6666667 | L12: =DAVERAGE($A$1:$G$1151,"NICK",J11:J12) -> 9.8666667 | M12: =DAVERAGE($A$1:$G$1151,"MIKE",J11:J12) -> 9.9333333 | N12: =DAVERAGE($A$1:$G$1151,"ERIC",J11:J12) -> 9.6 | O12: =DAVERAGE($A$1:$G$1151,"GREENMAN",J11:J12) -> 9.5333333 | P12: =DAVERAGE($A$1:$G$1151,"RON",J11:J12) -> #DIV/0!
A13: 25 | B13: 10 | C13: 10 | D13: 10 | E13: 10 | F13: 9 | J13: LANE
A14: 26 | B14: 10 | C14: 10 | D14: 10 | E14: 10 | F14: 10 | J14: 13 | K14: =DAVERAGE($A$1:$G$1151,"JOHN",J13:J14) -> #DIV/0! | L14: =DAVERAGE($A$1:$G$1151,"NICK",J13:J14) -> #DIV/0! | M14: =DAVERAGE($A$1:$G$1151,"MIKE",J13:J14) -> #DIV/0! | N14: =DAVERAGE($A$1:$G$1151,"ERIC",J13:J14) -> #DIV/0! | O14: =DAVERAGE($A$1:$G$1151,"GREENMAN",J13:J14) -> #DIV/0! | P14: =DAVERAGE($A$1:$G$1151,"RON",J13:J14) -> #DIV/0!
A15: 25 | B15: 10 | C15: 10 | D15: 10 | E15: 10 | F15: 10 | J15: LANE
A16: 26 | B16: 10 | C16: 10 | D16: 10 | E16: 10 | F16: 8 | J16: 14 | K16: =DAVERAGE($A$1:$G$1151,"JOHN",J15:J16) -> #DIV/0! | L16: =DAVERAGE($A$1:$G$1151,"NICK",J15:J16) -> #DIV/0! | M16: =DAVERAGE($A$1:$G$1151,"MIKE",J15:J16) -> #DIV/0! | N16: =DAVERAGE($A$1:$G$1151,"ERIC",J15:J16) -> #DIV/0! | O16: =DAVERAGE($A$1:$G$1151,"GREENMAN",J15:J16) -> #DIV/0! | P16: =DAVERAGE($A$1:$G$1151,"RON",J15:J16) -> #DIV/0!
A17: 25 | B17: 9 | C17: 10 | D17: 10 | E17: 10 | F17: 8 | J17: LANE
A18: 26 | B18: 10 | C18: 10 | D18: 10 | E18: 10 | F18: 10 | J18: 15 | K18: =DAVERAGE($A$1:$G$1151,"JOHN",J17:J18) -> #DIV/0! | L18: =DAVERAGE($A$1:$G$1151,"NICK",J17:J18) -> #DIV/0! | M18: =DAVERAGE($A$1:$G$1151,"MIKE",J17:J18) -> #DIV/0! | N18: =DAVERAGE($A$1:$G$1151,"ERIC",J17:J18) -> #DIV/0! | O18: =DAVERAGE($A$1:$G$1151,"GREENMAN",J17:J18) -> #DIV/0! | P18: =DAVERAGE($A$1:$G$1151,"RON",J17:J18) -> #DIV/0!
A19: 25 | B19: 10 | C19: 10 | D19: 9 | E19: 10 | F19: 8 | J19: LANE
A20: 26 | B20: 10 | C20: 10 | D20: 10 | E20: 10 | F20: 10 | J20: 16 | K20: =DAVERAGE($A$1:$G$1151,"JOHN",J19:J20) -> #DIV/0! | L20: =DAVERAGE($A$1:$G$1151,"NICK",J19:J20) -> #DIV/0! | M20: =DAVERAGE($A$1:$G$1151,"MIKE",J19:J20) -> #DIV/0! | N20: =DAVERAGE($A$1:$G$1151,"ERIC",J19:J20) -> #DIV/0! | O20: =DAVERAGE($A$1:$G$1151,"GREENMAN",J19:J20) -> #DIV/0! | P20: =DAVERAGE($A$1:$G$1151,"RON",J19:J20) -> #DIV/0!
A21: 25 | B21: =19/2 -> 9.5 | C21: =20/2 -> 10 | D21: 8 | E21: =30/3 -> 10 | F21: =20/3 -> 6.6666667 | J21: LANE
A22: 25 | B22: 10 | C22: 10 | D22: 10 | E22: 10 | F22: 10 | J22: 17 | K22: =DAVERAGE($A$1:$G$1151,"JOHN",J21:J22) -> #DIV/0! | L22: =DAVERAGE($A$1:$G$1151,"NICK",J21:J22) -> #DIV/0! | M22: =DAVERAGE($A$1:$G$1151,"MIKE",J21:J22) -> #DIV/0! | N22: =DAVERAGE($A$1:$G$1151,"ERIC",J21:J22) -> #DIV/0! | O22: =DAVERAGE($A$1:$G$1151,"GREENMAN",J21:J22) -> #DIV/0! | P22: =DAVERAGE($A$1:$G$1151,"RON",J21:J22) -> #DIV/0!
A23: 26 | B23: 10 | C23: 10 | D23: 9 | E23: 10 | F23: 10 | J23: LANE
A24: 25 | B24: 10 | C24: 10 | D24: 10 | E24: 9 | F24: 9 | J24: 18 | K24: =DAVERAGE($A$1:$G$1151,"JOHN",J23:J24) -> #DIV/0! | L24: =DAVERAGE($A$1:$G$1151,"NICK",J23:J24) -> #DIV/0! | M24: =DAVERAGE($A$1:$G$1151,"MIKE",J23:J24) -> #DIV/0! | N24: =DAVERAGE($A$1:$G$1151,"ERIC",J23:J24) -> #DIV/0! | O24: =DAVERAGE($A$1:$G$1151,"GREENMAN",J23:J24) -> #DIV/0! | P24: =DAVERAGE($A$1:$G$1151,"RON",J23:J24) -> #DIV/0!
A25: 26 | B25: 10 | C25: 10 | D25: 10 | E25: 10 | F25: 10 | J25: LANE
A26: 25 | B26: 10 | C26: 10 | D26: 9 | E26: 10 | F26: 10 | J26: 19 | K26: =DAVERAGE($A$1:$G$1151,"JOHN",J25:J26) -> #DIV/0! | L26: =DAVERAGE($A$1:$G$1151,"NICK",J25:J26) -> #DIV/0! | M26: =DAVERAGE($A$1:$G$1151,"MIKE",J25:J26) -> #DIV/0! | N26: =DAVERAGE($A$1:$G$1151,"ERIC",J25:J26) -> #DIV/0! | O26: =DAVERAGE($A$1:$G$1151,"GREENMAN",J25:J26) -> #DIV/0! | P26: =DAVERAGE($A$1:$G$1151,"RON",J25:J26) -> #DIV/0!
A27: 26 | B27: 10 | C27: 10 | D27: 9 | E27: 10 | F27: 10 | J27: LANE
A28: 25 | B28: 10 | C28: 10 | D28: 9 | E28: 10 | F28: 10 | J28: 20 | K28: =DAVERAGE($A$1:$G$1151,"JOHN",J27:J28) -> #DIV/0! | L28: =DAVERAGE($A$1:$G$1151,"NICK",J27:J28) -> #DIV/0! | M28: =DAVERAGE($A$1:$G$1151,"MIKE",J27:J28) -> #DIV/0! | N28: =DAVERAGE($A$1:$G$1151,"ERIC",J27:J28) -> #DIV/0! | O28: =DAVERAGE($A$1:$G$1151,"GREENMAN",J27:J28) -> #DIV/0! | P28: =DAVERAGE($A$1:$G$1151,"RON",J27:J28) -> #DIV/0!
A29: 26 | B29: 10 | C29: 9 | D29: 10 | E29: 10 | F29: 10 | J29: LANE
A30: 25 | B30: 10 | C30: 10 | D30: 10 | E30: 9 | F30: 10 | J30: 21 | K30: =DAVERAGE($A$1:$G$1151,"JOHN",J29:J30) -> #DIV/0! | L30: =DAVERAGE($A$1:$G$1151,"NICK",J29:J30) -> 9.8 | M30: =DAVERAGE($A$1:$G$1151,"MIKE",J29:J30) -> 9.7333333 | N30: =DAVERAGE($A$1:$G$1151,"ERIC",J29:J30) -> 9.4666667 | O30: =DAVERAGE($A$1:$G$1151,"GREENMAN",J29:J30) -> #DIV/0! | P30: =DAVERAGE($A$1:$G$1151,"RON",J29:J30) -> 9.6
A31: 26 | B31: =19/2 -> 9.5 | C31: =17/2 -> 8.5 | D31: =28/3 -> 9.3333333 | E31: =20/2 -> 10 | F31: =19/2 -> 9.5 | J31: LANE
J32: 22 | K32: =DAVERAGE($A$1:$G$1151,"JOHN",J31:J32) -> #DIV/0! | L32: =DAVERAGE($A$1:$G$1151,"NICK",J31:J32) -> 9.7333333 | M32: =DAVERAGE($A$1:$G$1151,"MIKE",J31:J32) -> 9.9333333 | N32: =DAVERAGE($A$1:$G$1151,"ERIC",J31:J32) -> 9.7333333 | O32: =DAVERAGE($A$1:$G$1151,"GREENMAN",J31:J32) -> #DIV/0! | P32: =DAVERAGE($A$1:$G$1151,"RON",J31:J32) -> 9.8333333
A33: LANE | B33: John | C33: Nick | D33: Mike | E33: Eric | F33: Greenman | G33: Ron | J33: LANE
A34: 12 | B34: 10 | C34: 10 | D34: 9 | E34: 10 | F34: 10 | J34: 23 | K34: =DAVERAGE($A$1:$G$1151,"JOHN",J33:J34) -> #DIV/0! | L34: =DAVERAGE($A$1:$G$1151,"NICK",J33:J34) -> #DIV/0! | M34: =DAVERAGE($A$1:$G$1151,"MIKE",J33:J34) -> #DIV/0! | N34: =DAVERAGE($A$1:$G$1151,"ERIC",J33:J34) -> #DIV/0! | O34: =DAVERAGE($A$1:$G$1151,"GREENMAN",J33:J34) -> #DIV/0! | P34: =DAVERAGE($A$1:$G$1151,"RON",J33:J34) -> #DIV/0!
A35: 11 | B35: 10 | C35: 10 | D35: 10 | E35: 10 | F35: 8 | J35: LANE
A36: 12 | B36: 10 | C36: 9 | D36: 10 | E36: 10 | F36: 9 | J36: 24 | K36: =DAVERAGE($A$1:$G$1151,"JOHN",J35:J36) -> #DIV/0! | L36: =DAVERAGE($A$1:$G$1151,"NICK",J35:J36) -> #DIV/0! | M36: =DAVERAGE($A$1:$G$1151,"MIKE",J35:J36) -> #DIV/0! | N36: =DAVERAGE($A$1:$G$1151,"ERIC",J35:J36) -> #DIV/0! | O36: =DAVERAGE($A$1:$G$1151,"GREENMAN",J35:J36) -> #DIV/0! | P36: =DAVERAGE($A$1:$G$1151,"RON",J35:J36) -> #DIV/0!
A37: 11 | B37: 10 | C37: 10 | D37: 10 | E37: 10 | F37: 10 | J37: LANE
A38: 12 | B38: 10 | C38: 10 | D38: 10 | E38: 9 | F38: 10 | J38: 25 | K38: =DAVERAGE($A$1:$G$1151,"JOHN",J37:J38) -> 9.9 | L38: =DAVERAGE($A$1:$G$1151,"NICK",J37:J38) -> 10 | M38: =DAVERAGE($A$1:$G$1151,"MIKE",J37:J38) -> 9.6666667 | N38: =DAVERAGE($A$1:$G$1151,"ERIC",J37:J38) -> 9.7333333 | O38: =DAVERAGE($A$1:$G$1151,"GREENMAN",J37:J38) -> 9.3777778 | P38: =DAVERAGE($A$1:$G$1151,"RON",J37:J38) -> #DIV/0!
A39: 11 | B39: 10 | C39: 10 | D39: 10 | E39: 10 | F39: 9 | J39: LANE
A40: 12 | B40: 9 | C40: 10 | D40: 10 | E40: 10 | F40: 10 | J40: 26 | K40: =DAVERAGE($A$1:$G$1151,"JOHN",J39:J40) -> 9.9333333 | L40: =DAVERAGE($A$1:$G$1151,"NICK",J39:J40) -> 9.7666667 | M40: =DAVERAGE($A$1:$G$1151,"MIKE",J39:J40) -> 9.4888889 | N40: =DAVERAGE($A$1:$G$1151,"ERIC",J39:J40) -> 9.8 | O40: =DAVERAGE($A$1:$G$1151,"GREENMAN",J39:J40) -> 9.8333333 | P40: =DAVERAGE($A$1:$G$1151,"RON",J39:J40) -> #DIV/0!
A41: 11 | B41: 10 | C41: 10 | D41: 10 | E41: 10 | F41: 9 | J41: LANE
A42: 12 | B42: 10 | C42: 10 | D42: 10 | E42: 10 | F42: 7 | J42: 27 | K42: =DAVERAGE($A$1:$G$1151,"JOHN",J41:J42) -> #DIV/0! | L42: =DAVERAGE($A$1:$G$1151,"NICK",J41:J42) -> #DIV/0! | M42: =DAVERAGE($A$1:$G$1151,"MIKE",J41:J42) -> #DIV/0! | N42: =DAVERAGE($A$1:$G$1151,"ERIC",J41:J42) -> #DIV/0! | O42: =DAVERAGE($A$1:$G$1151,"GREENMAN",J41:J42) -> #DIV/0! | P42: =DAVERAGE($A$1:$G$1151,"RON",J41:J42) -> #DIV/0!
A43: 11 | B43: =20/2 -> 10 | C43: =20/2 -> 10 | D43: =19/2 -> 9.5 | E43: =30/3 -> 10 | F43: =27/3 -> 9 | J43: LANE
A44: 11 | B44: 10 | C44: 10 | D44: 10 | E44: 10 | F44: 9 | J44: 28 | K44: =DAVERAGE($A$1:$G$1151,"JOHN",J43:J44) -> #DIV/0! | L44: =DAVERAGE($A$1:$G$1151,"NICK",J43:J44) -> #DIV/0! | M44: =DAVERAGE($A$1:$G$1151,"MIKE",J43:J44) -> #DIV/0! | N44: =DAVERAGE($A$1:$G$1151,"ERIC",J43:J44) -> #DIV/0! | O44: =DAVERAGE($A$1:$G$1151,"GREENMAN",J43:J44) -> #DIV/0! | P44: =DAVERAGE($A$1:$G$1151,"RON",J43:J44) -> #DIV/0!
A45: 12 | B45: 10 | C45: 10 | D45: 10 | E45: 10 | F45: 9 | J45: LANE
A46: 11 | B46: 10 | C46: 10 | D46: 10 | E46: 10 | F46: 10 | J46: 29 | K46: =DAVERAGE($A$1:$G$1151,"JOHN",J45:J46) -> #DIV/0! | L46: =DAVERAGE($A$1:$G$1151,"NICK",J45:J46) -> #DIV/0! | M46: =DAVERAGE($A$1:$G$1151,"MIKE",J45:J46) -> #DIV/0! | N46: =DAVERAGE($A$1:$G$1151,"ERIC",J45:J46) -> #DIV/0! | O46: =DAVERAGE($A$1:$G$1151,"GREENMAN",J45:J46) -> #DIV/0! | P46: =DAVERAGE($A$1:$G$1151,"RON",J45:J46) -> #DIV/0!
A47: 12 | B47: 10 | C47: 10 | D47: 10 | E47: 9 | F47: 10 | J47: LANE
A48: 11 | B48: 10 | C48: 10 | D48: 10 | E48: 8 | F48: 10 | J48: 30 | K48: =DAVERAGE($A$1:$G$1151,"JOHN",J47:J48) -> #DIV/0! | L48: =DAVERAGE($A$1:$G$1151,"NICK",J47:J48) -> #DIV/0! | M48: =DAVERAGE($A$1:$G$1151,"MIKE",J47:J48) -> #DIV/0! | N48: =DAVERAGE($A$1:$G$1151,"ERIC",J47:J48) -> #DIV/0! | O48: =DAVERAGE($A$1:$G$1151,"GREENMAN",J47:J48) -> #DIV/0! | P48: =DAVERAGE($A$1:$G$1151,"RON",J47:J48) -> #DIV/0!
A49: 12 | B49: 9 | C49: 10 | D49: 10 | E49: 9 | F49: 9 | J49: LANE
A50: 11 | B50: 10 | C50: 10 | D50: 10 | E50: 10 | F50: 10 | J50: 31 | K50: =DAVERAGE($A$1:$G$1151,"JOHN",J49:J50) -> #DIV/0! | L50: =DAVERAGE($A$1:$G$1151,"NICK",J49:J50) -> #DIV/0! | M50: =DAVERAGE($A$1:$G$1151,"MIKE",J49:J50) -> #DIV/0! | N50: =DAVERAGE($A$1:$G$1151,"ERIC",J49:J50) -> #DIV/0! | O50: =DAVERAGE($A$1:$G$1151,"GREENMAN",J49:J50) -> #DIV/0! | P50: =DAVERAGE($A$1:$G$1151,"RON",J49:J50) -> #DIV/0!
A51: 12 | B51: 8 | C51: 10 | D51: 10 | E51: 10 | F51: 10 | J51: LANE
A52: 11 | B52: 10 | C52: 10 | D52: 10 | E52: 10 | F52: 10 | J52: 32 | K52: =DAVERAGE($A$1:$G$1151,"JOHN",J51:J52) -> #DIV/0! | L52: =DAVERAGE($A$1:$G$1151,"NICK",J51:J52) -> #DIV/0! | M52: =DAVERAGE($A$1:$G$1151,"MIKE",J51:J52) -> #DIV/0! | N52: =DAVERAGE($A$1:$G$1151,"ERIC",J51:J52) -> #DIV/0! | O52: =DAVERAGE($A$1:$G$1151,"GREENMAN",J51:J52) -> #DIV/0! | P52: =DAVERAGE($A$1:$G$1151,"RON",J51:J52) -> #DIV/0!
A53: 12 | B53: =20/2 -> 10 | C53: =20/2 -> 10 | D53: =20/2 -> 10 | E53: 9 | F53: =20/2 -> 10
A54: 12 | B54: 9 | C54: 10 | D54: 10 | E54: 10 | F54: 10
A55: 11 | B55: 8 | C55: 9 | D55: 10 | E55: 10 | F55: 9
A56: 12 | B56: 10 | C56: 10 | D56: 10 | E56: 9 | F56: 10
A57: 11 | B57: 9 | C57: 10 | D57: 10 | E57: 8 | F57: 10
A58: 12 | B58: 10 | C58: 9 | D58: 10 | E58: 10 | F58: 9
A59: 11 | B59: 10 | C59: 10 | D59: 10 | E59: 10 | F59: 10
A60: 12 | B60: 10 | C60: 10 | D60: 10 | E60: 10 | F60: 10
A61: 11 | B61: 10 | C61: 10 | D61: 10 | E61: 10 | F61: 7
A62: 12 | B62: 10 | C62: 10 | D62: 10 | E62: 9 | F62: 10
A63: 11 | B63: =30/3 -> 10 | C63: =30/3 -> 10 | D63: =30/3 -> 10 | E63: =29/3 -> 9.6666667 | F63: =30/3 -> 10
A64: Week 21 Game 3
A65: LANE | B65: John | C65: Nick | D65: Mike | E65: Eric | F65: Greenman | G65: Ron
A66: 21 | C66: 10 | D66: 10 | E66: 10 | G66: 8
A67: 22 | C67: 10 | D67: 10 | E67: 10 | G67: 10
A68: 21 | C68: 10 | D68: 10 | E68: 10 | G68: 8
A69: 22 | C69: 10 | D69: 10 | E69: 10 | G69: 10
A70: 21 | C70: 10 | D70: 10 | E70: 10 | G70: 10
A71: 22 | C71: 8 | D71: 10 | E71: 9 | G71: 9
A72: 21 | C72: 10 | D72: 10 | E72: 9 | G72: 10
A73: 22 | C73: 10 | D73: 10 | E73: 10 | G73: 10
A74: 21 | C74: 10 | D74: 9 | E74: 10 | G74: 10
A75: 22 | C75: 9 | D75: 10 | E75: 9 | G75: 10
A76: 22 | C76: 10 | D76: 10 | E76: 9 | G76: 10
A77: 21 | C77: 10 | D77: 10 | E77: 8 | G77: 10
... A95: 22 | C95: 10 | D95: 10 | E95: 10 | G95: 9.5
A97: LANE | B97: John | C97: Nick | D97: Mike | E97: Eric | F97: Greenman | G97: Ron
A98: G1F1
A99: G1F2
A100: G1F3
A101: G1F4
A102: G1F5
A103: G1F6
A104: G1F7
A105: G1F8
A106: G1F9
A107: G1F10
A108: G2F1
A109: G2F2
... A127: G3F10
A129: LANE | B129: John | C129: Nick | D129: Mike | E129: Eric | F129: Greenman | G129: Ron
A130: G1F1
A131: G1F2
A132: G1F3
A133: G1F4
A134: G1F5
A135: G1F6
A136: G1F7
...

Sheet WeeklyDues
B1: John | C1: Nick | D1: Mike | E1: Eric | F1: Greenman
A2: Week 1
A3: Week 2
A4: Week 3
A5: Week 4
A6: Week 5
A7: Week 6
A8: Week 7
A9: Week 8
A10: Week 9
A11: Week 10
A12: Week 11
A13: Week 12
... A37: Week 36

Sheet Ron
A1: Game | B1: Score | C1: Points | D1: Opponent | E1: Handicap | F1: Opp Handicap | G1: Opponent AVG | H1: Score w/ Handicap | I1: Opp w/ Handicap | L1: Weeks Played
A2: Week 1 Game 1 | L2: 1
A3: Week 1 Game 2
A4: Week 1 Game 3
A5: Week 2 Game 1
A6: Week 2 Game 2
A7: Week 2 Game 3
A8: Week 3 Game 1 | B8: 184 | C8: 0 | D8: 172 | E8: 0 | F8: 24 | G8: 164 | H8: =B8+E8 -> 184 | I8: =D8+F8 -> 196
A9: Week 3 Game 2 | B9: 209 | C9: 1 | D9: 165 | E9: 0 | F9: 24 | G9: 164 | H9: =B9+E9 -> 209 | I9: =D9+F9 -> 189
A10: Week 3 Game 3 | B10: 184 | C10: 0 | D10: 177 | E10: 0 | F10: 24 | G10: 164 | H10: =B10+E10 -> 184 | I10: =D10+F10 -> 201
A11: Week 4 Game 1
A12: Week 4 Game 2
A13: Week 4 Game 3
A14: Week 5 Game 1
A15: Week 5 Game 2
A16: Week 5 Game 3
A17: Week 6 Game 1
A18: Week 6 Game 2
A19: Week 6 Game 3
A20: Week 7 Game 1
A21: Week 7 Game 2
A22: Week 7 Game 3
... A109: Week 36 Game 3

Sheet Winnings
A1: Week | B1: Points
A2: 1 | B2: 17
A3: 2 | B3: 9
A4: 3 | B4: 16
A5: 4
A6: 5
A7: 6
A8: 7
A9: 8
A10: 9
A11: 10
A12: 11
A13: 12
A14: 13
A15: 14
A16: 15
A17: 16
A18: 17
A19: 18
A20: 19
A21: 20
A22: 21
A23: 22
A24: 23
A25: 24
A26: 25
A27: 26
... A37: 36
A38: TOTALS | B38: =SUM(B2:B37) -> 42
